<?xml version="1.0"?>
<doc>
    <assembly>
        <name>Jellyfin.Extensions</name>
    </assembly>
    <members>
        <member name="T:Jellyfin.Extensions.AlphanumericComparator">
            <summary>
            Alphanumeric <see cref="T:System.Collections.Generic.IComparer`1" />.
            </summary>
        </member>
        <member name="M:Jellyfin.Extensions.AlphanumericComparator.CompareValues(System.String,System.String)">
            <summary>
            Compares two objects and returns a value indicating whether one is less than, equal to, or greater than the other.
            </summary>
            <param name="s1">The first object to compare.</param>
            <param name="s2">The second object to compare.</param>
            <returns>A signed integer that indicates the relative values of <c>x</c> and <c>y</c>.</returns>
        </member>
        <member name="M:Jellyfin.Extensions.AlphanumericComparator.Compare(System.String,System.String)">
            <inheritdoc />
        </member>
        <member name="T:Jellyfin.Extensions.CopyToExtensions">
            <summary>
            Provides <c>CopyTo</c> extensions methods for <see cref="T:System.Collections.Generic.IReadOnlyList`1" />.
            </summary>
        </member>
        <member name="M:Jellyfin.Extensions.CopyToExtensions.CopyTo``1(System.Collections.Generic.IReadOnlyList{``0},System.Collections.Generic.IList{``0},System.Int32)">
            <summary>
            Copies all the elements of the current collection to the specified list
            starting at the specified destination array index. The index is specified as a 32-bit integer.
            </summary>
            <param name="source">The current collection that is the source of the elements.</param>
            <param name="destination">The list that is the destination of the elements copied from the current collection.</param>
            <param name="index">A 32-bit integer that represents the index in <c>destination</c> at which copying begins.</param>
            <typeparam name="T">The type of the array.</typeparam>
        </member>
        <member name="T:Jellyfin.Extensions.DictionaryExtensions">
            <summary>
            Static extensions for the <see cref="T:System.Collections.Generic.IReadOnlyDictionary`2"/> interface.
            </summary>
        </member>
        <member name="M:Jellyfin.Extensions.DictionaryExtensions.GetFirstNotNullNorWhiteSpaceValue(System.Collections.Generic.IReadOnlyDictionary{System.String,System.String},System.String)">
            <summary>
            Gets a string from a string dictionary, checking all keys sequentially,
            stopping at the first key that returns a result that's neither null nor blank.
            </summary>
            <param name="dictionary">The dictionary.</param>
            <param name="key1">The first checked key.</param>
            <returns>System.String.</returns>
        </member>
        <member name="M:Jellyfin.Extensions.DictionaryExtensions.GetFirstNotNullNorWhiteSpaceValue(System.Collections.Generic.IReadOnlyDictionary{System.String,System.String},System.String,System.String)">
            <summary>
            Gets a string from a string dictionary, checking all keys sequentially,
            stopping at the first key that returns a result that's neither null nor blank.
            </summary>
            <param name="dictionary">The dictionary.</param>
            <param name="key1">The first checked key.</param>
            <param name="key2">The second checked key.</param>
            <returns>System.String.</returns>
        </member>
        <member name="M:Jellyfin.Extensions.DictionaryExtensions.GetFirstNotNullNorWhiteSpaceValue(System.Collections.Generic.IReadOnlyDictionary{System.String,System.String},System.String,System.String,System.String)">
            <summary>
            Gets a string from a string dictionary, checking all keys sequentially,
            stopping at the first key that returns a result that's neither null nor blank.
            </summary>
            <param name="dictionary">The dictionary.</param>
            <param name="key1">The first checked key.</param>
            <param name="key2">The second checked key.</param>
            <param name="key3">The third checked key.</param>
            <returns>System.String.</returns>
        </member>
        <member name="T:Jellyfin.Extensions.EnumerableExtensions">
            <summary>
            Static extensions for the <see cref="T:System.Collections.Generic.IEnumerable`1"/> interface.
            </summary>
        </member>
        <member name="M:Jellyfin.Extensions.EnumerableExtensions.Contains(System.Collections.Generic.IEnumerable{System.String},System.ReadOnlySpan{System.Char},System.StringComparison)">
            <summary>
            Determines whether the value is contained in the source collection.
            </summary>
            <param name="source">An instance of the <see cref="T:System.Collections.Generic.IEnumerable`1"/> interface.</param>
            <param name="value">The value to look for in the collection.</param>
            <param name="stringComparison">The string comparison.</param>
            <returns>A value indicating whether the value is contained in the collection.</returns>
            <exception cref="T:System.ArgumentNullException">The source is null.</exception>
        </member>
        <member name="T:Jellyfin.Extensions.Json.Converters.JsonBoolNumberConverter">
            <summary>
            Converts a number to a boolean.
            This is needed for HDHomerun.
            </summary>
        </member>
        <member name="M:Jellyfin.Extensions.Json.Converters.JsonBoolNumberConverter.Read(System.Text.Json.Utf8JsonReader@,System.Type,System.Text.Json.JsonSerializerOptions)">
            <inheritdoc />
        </member>
        <member name="M:Jellyfin.Extensions.Json.Converters.JsonBoolNumberConverter.Write(System.Text.Json.Utf8JsonWriter,System.Boolean,System.Text.Json.JsonSerializerOptions)">
            <inheritdoc />
        </member>
        <member name="T:Jellyfin.Extensions.Json.Converters.JsonCommaDelimitedArrayConverter`1">
            <summary>
            Convert comma delimited string to array of type.
            </summary>
            <typeparam name="T">Type to convert to.</typeparam>
        </member>
        <member name="M:Jellyfin.Extensions.Json.Converters.JsonCommaDelimitedArrayConverter`1.#ctor">
            <summary>
            Initializes a new instance of the <see cref="T:Jellyfin.Extensions.Json.Converters.JsonCommaDelimitedArrayConverter`1"/> class.
            </summary>
        </member>
        <member name="P:Jellyfin.Extensions.Json.Converters.JsonCommaDelimitedArrayConverter`1.Delimiter">
            <inheritdoc />
        </member>
        <member name="T:Jellyfin.Extensions.Json.Converters.JsonCommaDelimitedArrayConverterFactory">
            <summary>
            Json comma delimited array converter factory.
            </summary>
            <remarks>
            This must be applied as an attribute, adding to the JsonConverter list causes stack overflow.
            </remarks>
        </member>
        <member name="M:Jellyfin.Extensions.Json.Converters.JsonCommaDelimitedArrayConverterFactory.CanConvert(System.Type)">
            <inheritdoc />
        </member>
        <member name="M:Jellyfin.Extensions.Json.Converters.JsonCommaDelimitedArrayConverterFactory.CreateConverter(System.Type,System.Text.Json.JsonSerializerOptions)">
            <inheritdoc />
        </member>
        <member name="T:Jellyfin.Extensions.Json.Converters.JsonDateTimeConverter">
            <summary>
            Legacy DateTime converter.
            Milliseconds aren't output if zero by default.
            </summary>
        </member>
        <member name="M:Jellyfin.Extensions.Json.Converters.JsonDateTimeConverter.Read(System.Text.Json.Utf8JsonReader@,System.Type,System.Text.Json.JsonSerializerOptions)">
            <inheritdoc />
        </member>
        <member name="M:Jellyfin.Extensions.Json.Converters.JsonDateTimeConverter.Write(System.Text.Json.Utf8JsonWriter,System.DateTime,System.Text.Json.JsonSerializerOptions)">
            <inheritdoc />
        </member>
        <member name="T:Jellyfin.Extensions.Json.Converters.JsonDelimitedArrayConverter`1">
            <summary>
            Convert delimited string to array of type.
            </summary>
            <typeparam name="T">Type to convert to.</typeparam>
        </member>
        <member name="M:Jellyfin.Extensions.Json.Converters.JsonDelimitedArrayConverter`1.#ctor">
            <summary>
            Initializes a new instance of the <see cref="T:Jellyfin.Extensions.Json.Converters.JsonDelimitedArrayConverter`1"/> class.
            </summary>
        </member>
        <member name="P:Jellyfin.Extensions.Json.Converters.JsonDelimitedArrayConverter`1.Delimiter">
            <summary>
            Gets the array delimiter.
            </summary>
        </member>
        <member name="M:Jellyfin.Extensions.Json.Converters.JsonDelimitedArrayConverter`1.Read(System.Text.Json.Utf8JsonReader@,System.Type,System.Text.Json.JsonSerializerOptions)">
            <inheritdoc />
        </member>
        <member name="M:Jellyfin.Extensions.Json.Converters.JsonDelimitedArrayConverter`1.Write(System.Text.Json.Utf8JsonWriter,`0[],System.Text.Json.JsonSerializerOptions)">
            <inheritdoc />
        </member>
        <member name="T:Jellyfin.Extensions.Json.Converters.JsonFlagEnumConverter`1">
            <summary>
            Enum flag to json array converter.
            </summary>
            <typeparam name="T">The type of enum.</typeparam>
        </member>
        <member name="M:Jellyfin.Extensions.Json.Converters.JsonFlagEnumConverter`1.Read(System.Text.Json.Utf8JsonReader@,System.Type,System.Text.Json.JsonSerializerOptions)">
            <inheritdoc />
        </member>
        <member name="M:Jellyfin.Extensions.Json.Converters.JsonFlagEnumConverter`1.Write(System.Text.Json.Utf8JsonWriter,`0,System.Text.Json.JsonSerializerOptions)">
            <inheritdoc />
        </member>
        <member name="T:Jellyfin.Extensions.Json.Converters.JsonFlagEnumConverterFactory">
            <summary>
            Json flag enum converter factory.
            </summary>
        </member>
        <member name="M:Jellyfin.Extensions.Json.Converters.JsonFlagEnumConverterFactory.CanConvert(System.Type)">
            <inheritdoc />
        </member>
        <member name="M:Jellyfin.Extensions.Json.Converters.JsonFlagEnumConverterFactory.CreateConverter(System.Type,System.Text.Json.JsonSerializerOptions)">
            <inheritdoc />
        </member>
        <member name="T:Jellyfin.Extensions.Json.Converters.JsonGuidConverter">
            <summary>
            Converts a GUID object or value to/from JSON.
            </summary>
        </member>
        <member name="M:Jellyfin.Extensions.Json.Converters.JsonGuidConverter.Read(System.Text.Json.Utf8JsonReader@,System.Type,System.Text.Json.JsonSerializerOptions)">
            <inheritdoc />
        </member>
        <member name="M:Jellyfin.Extensions.Json.Converters.JsonGuidConverter.Write(System.Text.Json.Utf8JsonWriter,System.Guid,System.Text.Json.JsonSerializerOptions)">
            <inheritdoc />
        </member>
        <member name="T:Jellyfin.Extensions.Json.Converters.JsonLowerCaseConverter`1">
            <summary>
            Converts an object to a lowercase string.
            </summary>
            <typeparam name="T">The object type.</typeparam>
        </member>
        <member name="M:Jellyfin.Extensions.Json.Converters.JsonLowerCaseConverter`1.Read(System.Text.Json.Utf8JsonReader@,System.Type,System.Text.Json.JsonSerializerOptions)">
            <inheritdoc />
        </member>
        <member name="M:Jellyfin.Extensions.Json.Converters.JsonLowerCaseConverter`1.Write(System.Text.Json.Utf8JsonWriter,`0,System.Text.Json.JsonSerializerOptions)">
            <inheritdoc />
        </member>
        <member name="T:Jellyfin.Extensions.Json.Converters.JsonNullableGuidConverter">
            <summary>
            Converts a GUID object or value to/from JSON.
            </summary>
        </member>
        <member name="M:Jellyfin.Extensions.Json.Converters.JsonNullableGuidConverter.Read(System.Text.Json.Utf8JsonReader@,System.Type,System.Text.Json.JsonSerializerOptions)">
            <inheritdoc />
        </member>
        <member name="M:Jellyfin.Extensions.Json.Converters.JsonNullableGuidConverter.Write(System.Text.Json.Utf8JsonWriter,System.Nullable{System.Guid},System.Text.Json.JsonSerializerOptions)">
            <inheritdoc />
        </member>
        <member name="T:Jellyfin.Extensions.Json.Converters.JsonNullableStructConverter`1">
            <summary>
            Converts a nullable struct or value to/from JSON.
            Required - some clients send an empty string.
            </summary>
            <typeparam name="TStruct">The struct type.</typeparam>
        </member>
        <member name="M:Jellyfin.Extensions.Json.Converters.JsonNullableStructConverter`1.Read(System.Text.Json.Utf8JsonReader@,System.Type,System.Text.Json.JsonSerializerOptions)">
            <inheritdoc />
        </member>
        <member name="M:Jellyfin.Extensions.Json.Converters.JsonNullableStructConverter`1.Write(System.Text.Json.Utf8JsonWriter,System.Nullable{`0},System.Text.Json.JsonSerializerOptions)">
            <inheritdoc />
        </member>
        <member name="T:Jellyfin.Extensions.Json.Converters.JsonNullableStructConverterFactory">
            <summary>
            Json nullable struct converter factory.
            </summary>
        </member>
        <member name="M:Jellyfin.Extensions.Json.Converters.JsonNullableStructConverterFactory.CanConvert(System.Type)">
            <inheritdoc />
        </member>
        <member name="M:Jellyfin.Extensions.Json.Converters.JsonNullableStructConverterFactory.CreateConverter(System.Type,System.Text.Json.JsonSerializerOptions)">
            <inheritdoc />
        </member>
        <member name="T:Jellyfin.Extensions.Json.Converters.JsonPipeDelimitedArrayConverter`1">
            <summary>
            Convert Pipe delimited string to array of type.
            </summary>
            <typeparam name="T">Type to convert to.</typeparam>
        </member>
        <member name="M:Jellyfin.Extensions.Json.Converters.JsonPipeDelimitedArrayConverter`1.#ctor">
            <summary>
            Initializes a new instance of the <see cref="T:Jellyfin.Extensions.Json.Converters.JsonPipeDelimitedArrayConverter`1"/> class.
            </summary>
        </member>
        <member name="P:Jellyfin.Extensions.Json.Converters.JsonPipeDelimitedArrayConverter`1.Delimiter">
            <inheritdoc />
        </member>
        <member name="T:Jellyfin.Extensions.Json.Converters.JsonPipeDelimitedArrayConverterFactory">
            <summary>
            Json Pipe delimited array converter factory.
            </summary>
            <remarks>
            This must be applied as an attribute, adding to the JsonConverter list causes stack overflow.
            </remarks>
        </member>
        <member name="M:Jellyfin.Extensions.Json.Converters.JsonPipeDelimitedArrayConverterFactory.CanConvert(System.Type)">
            <inheritdoc />
        </member>
        <member name="M:Jellyfin.Extensions.Json.Converters.JsonPipeDelimitedArrayConverterFactory.CreateConverter(System.Type,System.Text.Json.JsonSerializerOptions)">
            <inheritdoc />
        </member>
        <member name="T:Jellyfin.Extensions.Json.Converters.JsonStringConverter">
            <summary>
            Converter to allow the serializer to read strings.
            </summary>
        </member>
        <member name="M:Jellyfin.Extensions.Json.Converters.JsonStringConverter.Read(System.Text.Json.Utf8JsonReader@,System.Type,System.Text.Json.JsonSerializerOptions)">
            <inheritdoc />
        </member>
        <member name="M:Jellyfin.Extensions.Json.Converters.JsonStringConverter.Write(System.Text.Json.Utf8JsonWriter,System.String,System.Text.Json.JsonSerializerOptions)">
            <inheritdoc />
        </member>
        <member name="T:Jellyfin.Extensions.Json.Converters.JsonVersionConverter">
            <summary>
            Converts a Version object or value to/from JSON.
            </summary>
            <remarks>
            Required to send <see cref="T:System.Version"/> as a string instead of an object.
            </remarks>
        </member>
        <member name="M:Jellyfin.Extensions.Json.Converters.JsonVersionConverter.Read(System.Text.Json.Utf8JsonReader@,System.Type,System.Text.Json.JsonSerializerOptions)">
            <inheritdoc />
        </member>
        <member name="M:Jellyfin.Extensions.Json.Converters.JsonVersionConverter.Write(System.Text.Json.Utf8JsonWriter,System.Version,System.Text.Json.JsonSerializerOptions)">
            <inheritdoc />
        </member>
        <member name="T:Jellyfin.Extensions.Json.JsonDefaults">
            <summary>
            Helper class for having compatible JSON throughout the codebase.
            </summary>
        </member>
        <member name="F:Jellyfin.Extensions.Json.JsonDefaults.PascalCaseMediaType">
            <summary>
            Pascal case json profile media type.
            </summary>
        </member>
        <member name="F:Jellyfin.Extensions.Json.JsonDefaults.CamelCaseMediaType">
            <summary>
            Camel case json profile media type.
            </summary>
        </member>
        <member name="F:Jellyfin.Extensions.Json.JsonDefaults._jsonSerializerOptions">
            <summary>
            When changing these options, update
             Jellyfin.Server/Extensions/ApiServiceCollectionExtensions.cs
              -> AddJellyfinApi
               -> AddJsonOptions.
            </summary>
        </member>
        <member name="P:Jellyfin.Extensions.Json.JsonDefaults.Options">
            <summary>
            Gets the default <see cref="T:System.Text.Json.JsonSerializerOptions" /> options.
            </summary>
            <remarks>
            The return value must not be modified.
            If the defaults must be modified the author must use the copy constructor.
            </remarks>
            <returns>The default <see cref="T:System.Text.Json.JsonSerializerOptions" /> options.</returns>
        </member>
        <member name="P:Jellyfin.Extensions.Json.JsonDefaults.CamelCaseOptions">
            <summary>
            Gets camelCase json options.
            </summary>
            <remarks>
            The return value must not be modified.
            If the defaults must be modified the author must use the copy constructor.
            </remarks>
            <returns>The camelCase <see cref="T:System.Text.Json.JsonSerializerOptions" /> options.</returns>
        </member>
        <member name="P:Jellyfin.Extensions.Json.JsonDefaults.PascalCaseOptions">
            <summary>
            Gets PascalCase json options.
            </summary>
            <remarks>
            The return value must not be modified.
            If the defaults must be modified the author must use the copy constructor.
            </remarks>
            <returns>The PascalCase <see cref="T:System.Text.Json.JsonSerializerOptions" /> options.</returns>
        </member>
        <member name="T:Jellyfin.Extensions.ReadOnlyListExtension">
            <summary>
            Static extensions for the <see cref="T:System.Collections.Generic.IReadOnlyList`1"/> interface.
            </summary>
        </member>
        <member name="M:Jellyfin.Extensions.ReadOnlyListExtension.IndexOf``1(System.Collections.Generic.IReadOnlyList{``0},``0)">
            <summary>
            Finds the index of the desired item.
            </summary>
            <param name="source">The source list.</param>
            <param name="value">The value to fine.</param>
            <typeparam name="T">The type of item to find.</typeparam>
            <returns>Index if found, else -1.</returns>
        </member>
        <member name="M:Jellyfin.Extensions.ReadOnlyListExtension.FindIndex``1(System.Collections.Generic.IReadOnlyList{``0},System.Predicate{``0})">
            <summary>
            Finds the index of the predicate.
            </summary>
            <param name="source">The source list.</param>
            <param name="match">The value to find.</param>
            <typeparam name="T">The type of item to find.</typeparam>
            <returns>Index if found, else -1.</returns>
        </member>
        <member name="T:Jellyfin.Extensions.ShuffleExtensions">
            <summary>
            Provides <c>Shuffle</c> extensions methods for <see cref="T:System.Collections.Generic.IList`1" />.
            </summary>
        </member>
        <member name="M:Jellyfin.Extensions.ShuffleExtensions.Shuffle``1(System.Collections.Generic.IList{``0})">
            <summary>
            Shuffles the items in a list.
            </summary>
            <param name="list">The list that should get shuffled.</param>
            <typeparam name="T">The type.</typeparam>
        </member>
        <member name="M:Jellyfin.Extensions.ShuffleExtensions.Shuffle``1(System.Collections.Generic.IList{``0},System.Random)">
            <summary>
            Shuffles the items in a list.
            </summary>
            <param name="list">The list that should get shuffled.</param>
            <param name="rng">The random number generator to use.</param>
            <typeparam name="T">The type.</typeparam>
        </member>
        <member name="T:Jellyfin.Extensions.SplitStringExtensions">
            <summary>
            Extension class for splitting lines without unnecessary allocations.
            </summary>
        </member>
        <member name="M:Jellyfin.Extensions.SplitStringExtensions.SpanSplit(System.String,System.Char)">
            <summary>
            Creates a new string split enumerator.
            </summary>
            <param name="str">The string to split.</param>
            <param name="separator">The separator to split on.</param>
            <returns>The enumerator struct.</returns>
        </member>
        <member name="M:Jellyfin.Extensions.SplitStringExtensions.Split(System.ReadOnlySpan{System.Char},System.Char)">
            <summary>
            Creates a new span split enumerator.
            </summary>
            <param name="str">The span to split.</param>
            <param name="separator">The separator to split on.</param>
            <returns>The enumerator struct.</returns>
        </member>
        <member name="T:Jellyfin.Extensions.SplitStringExtensions.Enumerator">
            <summary>
            Provides an enumerator for the substrings seperated by the separator.
            </summary>
        </member>
        <member name="M:Jellyfin.Extensions.SplitStringExtensions.Enumerator.#ctor(System.ReadOnlySpan{System.Char},System.Char)">
            <summary>
            Initializes a new instance of the <see cref="T:Jellyfin.Extensions.SplitStringExtensions.Enumerator"/> struct.
            </summary>
            <param name="str">The span to split.</param>
            <param name="separator">The separator to split on.</param>
        </member>
        <member name="P:Jellyfin.Extensions.SplitStringExtensions.Enumerator.Current">
            <summary>
            Gets a reference to the item at the current position of the enumerator.
            </summary>
        </member>
        <member name="M:Jellyfin.Extensions.SplitStringExtensions.Enumerator.GetEnumerator">
            <summary>
            Returns <c>this</c>.
            </summary>
            <returns><c>this</c>.</returns>
        </member>
        <member name="M:Jellyfin.Extensions.SplitStringExtensions.Enumerator.MoveNext">
            <summary>
            Advances the enumerator to the next item.
            </summary>
            <returns><c>true</c> if there is a next element; otherwise <c>false</c>.</returns>
        </member>
        <member name="T:Jellyfin.Extensions.StreamExtensions">
            <summary>
            Class BaseExtensions.
            </summary>
        </member>
        <member name="M:Jellyfin.Extensions.StreamExtensions.ReadAllLines(System.IO.Stream)">
            <summary>
            Reads all lines in the <see cref="T:System.IO.Stream" />.
            </summary>
            <param name="stream">The <see cref="T:System.IO.Stream" /> to read from.</param>
            <returns>All lines in the stream.</returns>
        </member>
        <member name="M:Jellyfin.Extensions.StreamExtensions.ReadAllLines(System.IO.Stream,System.Text.Encoding)">
            <summary>
            Reads all lines in the <see cref="T:System.IO.Stream" />.
            </summary>
            <param name="stream">The <see cref="T:System.IO.Stream" /> to read from.</param>
            <param name="encoding">The character encoding to use.</param>
            <returns>All lines in the stream.</returns>
        </member>
        <member name="M:Jellyfin.Extensions.StreamExtensions.ReadAllLines(System.IO.TextReader)">
            <summary>
            Reads all lines in the <see cref="T:System.IO.TextReader" />.
            </summary>
            <param name="reader">The <see cref="T:System.IO.TextReader" /> to read from.</param>
            <returns>All lines in the stream.</returns>
        </member>
        <member name="M:Jellyfin.Extensions.StreamExtensions.ReadAllLinesAsync(System.IO.TextReader)">
            <summary>
            Reads all lines in the <see cref="T:System.IO.TextReader" />.
            </summary>
            <param name="reader">The <see cref="T:System.IO.TextReader" /> to read from.</param>
            <returns>All lines in the stream.</returns>
        </member>
        <member name="T:Jellyfin.Extensions.StringBuilderExtensions">
            <summary>
            Extension methods for the <see cref="T:System.Text.StringBuilder"/> class.
            </summary>
        </member>
        <member name="M:Jellyfin.Extensions.StringBuilderExtensions.AppendJoinInSingleQuotes(System.Text.StringBuilder,System.Char,System.Collections.Generic.IReadOnlyList{System.String})">
            <summary>
            Concatenates and appends the members of a collection in single quotes using the specified delimiter.
            </summary>
            <param name="builder">The string builder.</param>
            <param name="delimiter">The character delimiter.</param>
            <param name="values">The collection of strings to concatenate.</param>
            <returns>The updated string builder.</returns>
        </member>
        <member name="T:Jellyfin.Extensions.StringExtensions">
            <summary>
            Provides extensions methods for <see cref="T:System.String" />.
            </summary>
        </member>
        <member name="M:Jellyfin.Extensions.StringExtensions.RemoveDiacritics(System.String)">
            <summary>
            Removes the diacritics character from the strings.
            </summary>
            <param name="text">The string to act on.</param>
            <returns>The string without diacritics character.</returns>
        </member>
        <member name="M:Jellyfin.Extensions.StringExtensions.HasDiacritics(System.String)">
            <summary>
            Checks wether or not the specified string has diacritics in it.
            </summary>
            <param name="text">The string to check.</param>
            <returns>True if the string has diacritics, false otherwise.</returns>
        </member>
        <member name="M:Jellyfin.Extensions.StringExtensions.Count(System.ReadOnlySpan{System.Char},System.Char)">
            <summary>
            Counts the number of occurrences of [needle] in the string.
            </summary>
            <param name="value">The haystack to search in.</param>
            <param name="needle">The character to search for.</param>
            <returns>The number of occurrences of the [needle] character.</returns>
        </member>
        <member name="M:Jellyfin.Extensions.StringExtensions.LeftPart(System.ReadOnlySpan{System.Char},System.Char)">
            <summary>
            Returns the part on the left of the <c>needle</c>.
            </summary>
            <param name="haystack">The string to seek.</param>
            <param name="needle">The needle to find.</param>
            <returns>The part left of the <paramref name="needle" />.</returns>
        </member>
        <member name="M:Jellyfin.Extensions.StringExtensions.RightPart(System.ReadOnlySpan{System.Char},System.Char)">
            <summary>
            Returns the part on the right of the <c>needle</c>.
            </summary>
            <param name="haystack">The string to seek.</param>
            <param name="needle">The needle to find.</param>
            <returns>The part right of the <paramref name="needle" />.</returns>
        </member>
    </members>
</doc>
