<?xml version="1.0"?>
<doc>
    <assembly>
        <name>MediaBrowser.XbmcMetadata</name>
    </assembly>
    <members>
        <member name="M:MediaBrowser.XbmcMetadata.Configuration.NfoConfigurationFactory.GetConfigurations">
            <inheritdoc />
        </member>
        <member name="M:MediaBrowser.XbmcMetadata.EntryPoint.RunAsync">
            <inheritdoc />
        </member>
        <member name="M:MediaBrowser.XbmcMetadata.EntryPoint.Dispose">
            <inheritdoc />
        </member>
        <member name="M:MediaBrowser.XbmcMetadata.Parsers.BaseNfoParser`1.#ctor(Microsoft.Extensions.Logging.ILogger,MediaBrowser.Common.Configuration.IConfigurationManager,MediaBrowser.Controller.Providers.IProviderManager,MediaBrowser.Controller.Library.IUserManager,MediaBrowser.Controller.Library.IUserDataManager,MediaBrowser.Controller.Providers.IDirectoryService)">
            <summary>
            Initializes a new instance of the <see cref="T:MediaBrowser.XbmcMetadata.Parsers.BaseNfoParser`1" /> class.
            </summary>
            <param name="logger">Instance of the <see cref="T:Microsoft.Extensions.Logging.ILogger"/> interface.</param>
            <param name="config">Instance of the <see cref="T:MediaBrowser.Common.Configuration.IConfigurationManager"/> interface.</param>
            <param name="providerManager">Instance of the <see cref="T:MediaBrowser.Controller.Providers.IProviderManager"/> interface.</param>
            <param name="userManager">Instance of the <see cref="T:MediaBrowser.Controller.Library.IUserManager"/> interface.</param>
            <param name="userDataManager">Instance of the <see cref="T:MediaBrowser.Controller.Library.IUserDataManager"/> interface.</param>
            <param name="directoryService">Instance of the <see cref="T:MediaBrowser.Controller.Providers.IDirectoryService"/> interface.</param>
        </member>
        <member name="P:MediaBrowser.XbmcMetadata.Parsers.BaseNfoParser`1.Logger">
            <summary>
            Gets the logger.
            </summary>
        </member>
        <member name="M:MediaBrowser.XbmcMetadata.Parsers.BaseNfoParser`1.Fetch(MediaBrowser.Controller.Providers.MetadataResult{`0},System.String,System.Threading.CancellationToken)">
            <summary>
            Fetches metadata for an item from one xml file.
            </summary>
            <param name="item">The item.</param>
            <param name="metadataFile">The metadata file.</param>
            <param name="cancellationToken">The cancellation token.</param>
            <exception cref="T:System.ArgumentNullException"><c>item</c> is <c>null</c>.</exception>
            <exception cref="T:System.ArgumentException"><c>metadataFile</c> is <c>null</c> or empty.</exception>
        </member>
        <member name="M:MediaBrowser.XbmcMetadata.Parsers.BaseNfoParser`1.Fetch(MediaBrowser.Controller.Providers.MetadataResult{`0},System.String,System.Xml.XmlReaderSettings,System.Threading.CancellationToken)">
            <summary>
            Fetches the specified item.
            </summary>
            <param name="item">The item.</param>
            <param name="metadataFile">The metadata file.</param>
            <param name="settings">The settings.</param>
            <param name="cancellationToken">The cancellation token.</param>
        </member>
        <member name="M:MediaBrowser.XbmcMetadata.Parsers.BaseNfoParser`1.GetPersonFromXmlNode(System.Xml.XmlReader)">
            <summary>
            Gets the persons from XML node.
            </summary>
            <param name="reader">The reader.</param>
            <returns>IEnumerable{PersonInfo}.</returns>
        </member>
        <member name="M:MediaBrowser.XbmcMetadata.Parsers.BaseNfoParser`1.SplitNames(System.String)">
            <summary>
            Used to split names of comma or pipe delimeted genres and people.
            </summary>
            <param name="value">The value.</param>
            <returns>IEnumerable{System.String}.</returns>
        </member>
        <member name="M:MediaBrowser.XbmcMetadata.Parsers.BaseNfoParser`1.GetImageType(System.String)">
            <summary>
            Parses the ImageType from the nfo aspect property.
            </summary>
            <param name="aspect">The nfo aspect property.</param>
            <returns>The image type.</returns>
        </member>
        <member name="T:MediaBrowser.XbmcMetadata.Parsers.EpisodeNfoParser">
            <summary>
            Nfo parser for episodes.
            </summary>
        </member>
        <member name="M:MediaBrowser.XbmcMetadata.Parsers.EpisodeNfoParser.#ctor(Microsoft.Extensions.Logging.ILogger,MediaBrowser.Common.Configuration.IConfigurationManager,MediaBrowser.Controller.Providers.IProviderManager,MediaBrowser.Controller.Library.IUserManager,MediaBrowser.Controller.Library.IUserDataManager,MediaBrowser.Controller.Providers.IDirectoryService)">
            <summary>
            Initializes a new instance of the <see cref="T:MediaBrowser.XbmcMetadata.Parsers.EpisodeNfoParser"/> class.
            </summary>
            <param name="logger">Instance of the <see cref="T:Microsoft.Extensions.Logging.ILogger`1"/> interface.</param>
            <param name="config">Instance of the <see cref="T:MediaBrowser.Common.Configuration.IConfigurationManager"/> interface.</param>
            <param name="providerManager">Instance of the <see cref="T:MediaBrowser.Controller.Providers.IProviderManager"/> interface.</param>
            <param name="userManager">Instance of the <see cref="T:MediaBrowser.Controller.Library.IUserManager"/> interface.</param>
            <param name="userDataManager">Instance of the <see cref="T:MediaBrowser.Controller.Library.IUserDataManager"/> interface.</param>
            <param name="directoryService">Instance of the <see cref="T:MediaBrowser.Controller.Providers.IDirectoryService"/> interface.</param>
        </member>
        <member name="M:MediaBrowser.XbmcMetadata.Parsers.EpisodeNfoParser.Fetch(MediaBrowser.Controller.Providers.MetadataResult{MediaBrowser.Controller.Entities.TV.Episode},System.String,System.Xml.XmlReaderSettings,System.Threading.CancellationToken)">
            <inheritdoc />
        </member>
        <member name="M:MediaBrowser.XbmcMetadata.Parsers.EpisodeNfoParser.FetchDataFromXmlNode(System.Xml.XmlReader,MediaBrowser.Controller.Providers.MetadataResult{MediaBrowser.Controller.Entities.TV.Episode})">
            <inheritdoc />
        </member>
        <member name="T:MediaBrowser.XbmcMetadata.Parsers.MovieNfoParser">
            <summary>
            Nfo parser for movies.
            </summary>
        </member>
        <member name="M:MediaBrowser.XbmcMetadata.Parsers.MovieNfoParser.#ctor(Microsoft.Extensions.Logging.ILogger,MediaBrowser.Common.Configuration.IConfigurationManager,MediaBrowser.Controller.Providers.IProviderManager,MediaBrowser.Controller.Library.IUserManager,MediaBrowser.Controller.Library.IUserDataManager,MediaBrowser.Controller.Providers.IDirectoryService)">
            <summary>
            Initializes a new instance of the <see cref="T:MediaBrowser.XbmcMetadata.Parsers.MovieNfoParser"/> class.
            </summary>
            <param name="logger">Instance of the <see cref="T:Microsoft.Extensions.Logging.ILogger"/> interface.</param>
            <param name="config">Instance of the <see cref="T:MediaBrowser.Common.Configuration.IConfigurationManager"/> interface.</param>
            <param name="providerManager">Instance of the <see cref="T:MediaBrowser.Controller.Providers.IProviderManager"/> interface.</param>
            <param name="userManager">Instance of the <see cref="T:MediaBrowser.Controller.Library.IUserManager"/> interface.</param>
            <param name="userDataManager">Instance of the <see cref="T:MediaBrowser.Controller.Library.IUserDataManager"/> interface.</param>
            <param name="directoryService">Instance of the <see cref="T:MediaBrowser.Controller.Providers.DirectoryService"/> interface.</param>
        </member>
        <member name="P:MediaBrowser.XbmcMetadata.Parsers.MovieNfoParser.SupportsUrlAfterClosingXmlTag">
            <inheritdoc />
        </member>
        <member name="M:MediaBrowser.XbmcMetadata.Parsers.MovieNfoParser.FetchDataFromXmlNode(System.Xml.XmlReader,MediaBrowser.Controller.Providers.MetadataResult{MediaBrowser.Controller.Entities.Video})">
            <inheritdoc />
        </member>
        <member name="T:MediaBrowser.XbmcMetadata.Parsers.SeasonNfoParser">
            <summary>
            Nfo parser for seasons.
            </summary>
        </member>
        <member name="M:MediaBrowser.XbmcMetadata.Parsers.SeasonNfoParser.#ctor(Microsoft.Extensions.Logging.ILogger,MediaBrowser.Common.Configuration.IConfigurationManager,MediaBrowser.Controller.Providers.IProviderManager,MediaBrowser.Controller.Library.IUserManager,MediaBrowser.Controller.Library.IUserDataManager,MediaBrowser.Controller.Providers.IDirectoryService)">
            <summary>
            Initializes a new instance of the <see cref="T:MediaBrowser.XbmcMetadata.Parsers.SeasonNfoParser"/> class.
            </summary>
            <param name="logger">Instance of the <see cref="T:Microsoft.Extensions.Logging.ILogger"/> interface.</param>
            <param name="config">Instance of the <see cref="T:MediaBrowser.Common.Configuration.IConfigurationManager"/> interface.</param>
            <param name="providerManager">Instance of the <see cref="T:MediaBrowser.Controller.Providers.IProviderManager"/> interface.</param>
            <param name="userManager">Instance of the <see cref="T:MediaBrowser.Controller.Library.IUserManager"/> interface.</param>
            <param name="userDataManager">Instance of the <see cref="T:MediaBrowser.Controller.Library.IUserDataManager"/> interface.</param>
            <param name="directoryService">Instance of the <see cref="T:MediaBrowser.Controller.Providers.DirectoryService"/> interface.</param>
        </member>
        <member name="M:MediaBrowser.XbmcMetadata.Parsers.SeasonNfoParser.FetchDataFromXmlNode(System.Xml.XmlReader,MediaBrowser.Controller.Providers.MetadataResult{MediaBrowser.Controller.Entities.TV.Season})">
            <inheritdoc />
        </member>
        <member name="T:MediaBrowser.XbmcMetadata.Parsers.SeriesNfoParser">
            <summary>
            Nfo parser for series.
            </summary>
        </member>
        <member name="M:MediaBrowser.XbmcMetadata.Parsers.SeriesNfoParser.#ctor(Microsoft.Extensions.Logging.ILogger,MediaBrowser.Common.Configuration.IConfigurationManager,MediaBrowser.Controller.Providers.IProviderManager,MediaBrowser.Controller.Library.IUserManager,MediaBrowser.Controller.Library.IUserDataManager,MediaBrowser.Controller.Providers.IDirectoryService)">
            <summary>
            Initializes a new instance of the <see cref="T:MediaBrowser.XbmcMetadata.Parsers.SeriesNfoParser"/> class.
            </summary>
            <param name="logger">Instance of the <see cref="T:Microsoft.Extensions.Logging.ILogger"/> interface.</param>
            <param name="config">Instance of the <see cref="T:MediaBrowser.Common.Configuration.IConfigurationManager"/> interface.</param>
            <param name="providerManager">Instance of the <see cref="T:MediaBrowser.Controller.Providers.IProviderManager"/> interface.</param>
            <param name="userManager">Instance of the <see cref="T:MediaBrowser.Controller.Library.IUserManager"/> interface.</param>
            <param name="userDataManager">Instance of the <see cref="T:MediaBrowser.Controller.Library.IUserDataManager"/> interface.</param>
            <param name="directoryService">Instance of the <see cref="T:MediaBrowser.Controller.Providers.IDirectoryService"/> interface.</param>
        </member>
        <member name="P:MediaBrowser.XbmcMetadata.Parsers.SeriesNfoParser.SupportsUrlAfterClosingXmlTag">
            <inheritdoc />
        </member>
        <member name="M:MediaBrowser.XbmcMetadata.Parsers.SeriesNfoParser.FetchDataFromXmlNode(System.Xml.XmlReader,MediaBrowser.Controller.Providers.MetadataResult{MediaBrowser.Controller.Entities.TV.Series})">
            <inheritdoc />
        </member>
        <member name="T:MediaBrowser.XbmcMetadata.Providers.AlbumNfoProvider">
            <summary>
            Nfo provider for albums.
            </summary>
        </member>
        <member name="M:MediaBrowser.XbmcMetadata.Providers.AlbumNfoProvider.#ctor(Microsoft.Extensions.Logging.ILogger{MediaBrowser.XbmcMetadata.Providers.AlbumNfoProvider},MediaBrowser.Model.IO.IFileSystem,MediaBrowser.Common.Configuration.IConfigurationManager,MediaBrowser.Controller.Providers.IProviderManager,MediaBrowser.Controller.Library.IUserManager,MediaBrowser.Controller.Library.IUserDataManager,MediaBrowser.Controller.Providers.IDirectoryService)">
            <summary>
            Initializes a new instance of the <see cref="T:MediaBrowser.XbmcMetadata.Providers.AlbumNfoProvider"/> class.
            </summary>
            <param name="logger">Instance of the <see cref="T:Microsoft.Extensions.Logging.ILogger`1"/> interface.</param>
            <param name="fileSystem">Instance of the <see cref="T:MediaBrowser.Model.IO.IFileSystem"/> interface.</param>
            <param name="config">Instance of the <see cref="T:MediaBrowser.Common.Configuration.IConfigurationManager"/> interface.</param>
            <param name="providerManager">Instance of the <see cref="T:MediaBrowser.Controller.Providers.IProviderManager"/> interface.</param>
            <param name="userManager">Instance of the <see cref="T:MediaBrowser.Controller.Library.IUserManager"/> interface.</param>
            <param name="userDataManager">Instance of the <see cref="T:MediaBrowser.Controller.Library.IUserDataManager"/> interface.</param>
            <param name="directoryService">Instance of the <see cref="T:MediaBrowser.Controller.Providers.IDirectoryService"/> interface.</param>
        </member>
        <member name="M:MediaBrowser.XbmcMetadata.Providers.AlbumNfoProvider.Fetch(MediaBrowser.Controller.Providers.MetadataResult{MediaBrowser.Controller.Entities.Audio.MusicAlbum},System.String,System.Threading.CancellationToken)">
            <inheritdoc />
        </member>
        <member name="M:MediaBrowser.XbmcMetadata.Providers.AlbumNfoProvider.GetXmlFile(MediaBrowser.Controller.Providers.ItemInfo,MediaBrowser.Controller.Providers.IDirectoryService)">
            <inheritdoc />
        </member>
        <member name="T:MediaBrowser.XbmcMetadata.Providers.ArtistNfoProvider">
            <summary>
            Nfo provider for artists.
            </summary>
        </member>
        <member name="M:MediaBrowser.XbmcMetadata.Providers.ArtistNfoProvider.#ctor(MediaBrowser.Model.IO.IFileSystem,Microsoft.Extensions.Logging.ILogger{MediaBrowser.XbmcMetadata.Providers.ArtistNfoProvider},MediaBrowser.Common.Configuration.IConfigurationManager,MediaBrowser.Controller.Providers.IProviderManager,MediaBrowser.Controller.Library.IUserManager,MediaBrowser.Controller.Library.IUserDataManager,MediaBrowser.Controller.Providers.IDirectoryService)">
            <summary>
            Initializes a new instance of the <see cref="T:MediaBrowser.XbmcMetadata.Providers.ArtistNfoProvider"/> class.
            </summary>
            <param name="logger">Instance of the <see cref="T:Microsoft.Extensions.Logging.ILogger`1"/> interface.</param>
            <param name="fileSystem">Instance of the <see cref="T:MediaBrowser.Model.IO.IFileSystem"/> interface.</param>
            <param name="config">Instance of the <see cref="T:MediaBrowser.Common.Configuration.IConfigurationManager"/> interface.</param>
            <param name="providerManager">Instance of the <see cref="T:MediaBrowser.Controller.Providers.IProviderManager"/> interface.</param>
            <param name="userManager">Instance of the <see cref="T:MediaBrowser.Controller.Library.IUserManager"/> interface.</param>
            <param name="userDataManager">Instance of the <see cref="T:MediaBrowser.Controller.Library.IUserDataManager"/> interface.</param>
            <param name="directoryService">Instance of the <see cref="T:MediaBrowser.Controller.Providers.IDirectoryService"/> interface.</param>
        </member>
        <member name="M:MediaBrowser.XbmcMetadata.Providers.ArtistNfoProvider.Fetch(MediaBrowser.Controller.Providers.MetadataResult{MediaBrowser.Controller.Entities.Audio.MusicArtist},System.String,System.Threading.CancellationToken)">
            <inheritdoc />
        </member>
        <member name="M:MediaBrowser.XbmcMetadata.Providers.ArtistNfoProvider.GetXmlFile(MediaBrowser.Controller.Providers.ItemInfo,MediaBrowser.Controller.Providers.IDirectoryService)">
            <inheritdoc />
        </member>
        <member name="P:MediaBrowser.XbmcMetadata.Providers.BaseNfoProvider`1.Name">
            <inheritdoc />
        </member>
        <member name="M:MediaBrowser.XbmcMetadata.Providers.BaseNfoProvider`1.GetMetadata(MediaBrowser.Controller.Providers.ItemInfo,MediaBrowser.Controller.Providers.IDirectoryService,System.Threading.CancellationToken)">
            <inheritdoc />
        </member>
        <member name="M:MediaBrowser.XbmcMetadata.Providers.BaseNfoProvider`1.HasChanged(MediaBrowser.Controller.Entities.BaseItem,MediaBrowser.Controller.Providers.IDirectoryService)">
            <inheritdoc />
        </member>
        <member name="M:MediaBrowser.XbmcMetadata.Providers.BaseVideoNfoProvider`1.Fetch(MediaBrowser.Controller.Providers.MetadataResult{`0},System.String,System.Threading.CancellationToken)">
            <inheritdoc />
        </member>
        <member name="M:MediaBrowser.XbmcMetadata.Providers.BaseVideoNfoProvider`1.GetXmlFile(MediaBrowser.Controller.Providers.ItemInfo,MediaBrowser.Controller.Providers.IDirectoryService)">
            <inheritdoc />
        </member>
        <member name="T:MediaBrowser.XbmcMetadata.Providers.EpisodeNfoProvider">
            <summary>
            Nfo provider for episodes.
            </summary>
        </member>
        <member name="M:MediaBrowser.XbmcMetadata.Providers.EpisodeNfoProvider.#ctor(Microsoft.Extensions.Logging.ILogger{MediaBrowser.XbmcMetadata.Providers.EpisodeNfoProvider},MediaBrowser.Model.IO.IFileSystem,MediaBrowser.Common.Configuration.IConfigurationManager,MediaBrowser.Controller.Providers.IProviderManager,MediaBrowser.Controller.Library.IUserManager,MediaBrowser.Controller.Library.IUserDataManager,MediaBrowser.Controller.Providers.IDirectoryService)">
            <summary>
            Initializes a new instance of the <see cref="T:MediaBrowser.XbmcMetadata.Providers.EpisodeNfoProvider"/> class.
            </summary>
            <param name="logger">Instance of the <see cref="T:Microsoft.Extensions.Logging.ILogger`1"/> interface.</param>
            <param name="fileSystem">Instance of the <see cref="T:MediaBrowser.Model.IO.IFileSystem"/> interface.</param>
            <param name="config">Instance of the <see cref="T:MediaBrowser.Common.Configuration.IConfigurationManager"/> interface.</param>
            <param name="providerManager">Instance of the <see cref="T:MediaBrowser.Controller.Providers.IProviderManager"/> interface.</param>
            <param name="userManager">Instance of the <see cref="T:MediaBrowser.Controller.Library.IUserManager"/> interface.</param>
            <param name="userDataManager">Instance of the <see cref="T:MediaBrowser.Controller.Library.IUserDataManager"/> interface.</param>
            <param name="directoryService">Instance of the <see cref="T:MediaBrowser.Controller.Providers.IDirectoryService"/> interface.</param>
        </member>
        <member name="M:MediaBrowser.XbmcMetadata.Providers.EpisodeNfoProvider.Fetch(MediaBrowser.Controller.Providers.MetadataResult{MediaBrowser.Controller.Entities.TV.Episode},System.String,System.Threading.CancellationToken)">
            <inheritdoc />
        </member>
        <member name="M:MediaBrowser.XbmcMetadata.Providers.EpisodeNfoProvider.GetXmlFile(MediaBrowser.Controller.Providers.ItemInfo,MediaBrowser.Controller.Providers.IDirectoryService)">
            <inheritdoc />
        </member>
        <member name="T:MediaBrowser.XbmcMetadata.Providers.MovieNfoProvider">
            <summary>
            Nfo provider for movies.
            </summary>
        </member>
        <member name="M:MediaBrowser.XbmcMetadata.Providers.MovieNfoProvider.#ctor(Microsoft.Extensions.Logging.ILogger{MediaBrowser.XbmcMetadata.Providers.MovieNfoProvider},MediaBrowser.Model.IO.IFileSystem,MediaBrowser.Common.Configuration.IConfigurationManager,MediaBrowser.Controller.Providers.IProviderManager,MediaBrowser.Controller.Library.IUserManager,MediaBrowser.Controller.Library.IUserDataManager,MediaBrowser.Controller.Providers.IDirectoryService)">
            <summary>
            Initializes a new instance of the <see cref="T:MediaBrowser.XbmcMetadata.Providers.MovieNfoProvider"/> class.
            </summary>
            <param name="logger">Instance of the <see cref="T:Microsoft.Extensions.Logging.ILogger`1"/> interface.</param>
            <param name="fileSystem">Instance of the <see cref="T:MediaBrowser.Model.IO.IFileSystem"/> interface.</param>
            <param name="config">Instance of the <see cref="T:MediaBrowser.Common.Configuration.IConfigurationManager"/> interface.</param>
            <param name="providerManager">Instance of the <see cref="T:MediaBrowser.Controller.Providers.IProviderManager"/> interface.</param>
            <param name="userManager">Instance of the <see cref="T:MediaBrowser.Controller.Library.IUserManager"/> interface.</param>
            <param name="userDataManager">Instance of the <see cref="T:MediaBrowser.Controller.Library.IUserDataManager"/> interface.</param>
            <param name="directoryService">Instance of the <see cref="T:MediaBrowser.Controller.Providers.IDirectoryService"/> interface.</param>
        </member>
        <member name="T:MediaBrowser.XbmcMetadata.Providers.MusicVideoNfoProvider">
            <summary>
            Nfo provider for music videos.
            </summary>
        </member>
        <member name="M:MediaBrowser.XbmcMetadata.Providers.MusicVideoNfoProvider.#ctor(Microsoft.Extensions.Logging.ILogger{MediaBrowser.XbmcMetadata.Providers.MusicVideoNfoProvider},MediaBrowser.Model.IO.IFileSystem,MediaBrowser.Common.Configuration.IConfigurationManager,MediaBrowser.Controller.Providers.IProviderManager,MediaBrowser.Controller.Library.IUserManager,MediaBrowser.Controller.Library.IUserDataManager,MediaBrowser.Controller.Providers.IDirectoryService)">
            <summary>
            Initializes a new instance of the <see cref="T:MediaBrowser.XbmcMetadata.Providers.MusicVideoNfoProvider"/> class.
            </summary>
            <param name="logger">Instance of the <see cref="T:Microsoft.Extensions.Logging.ILogger`1"/> interface.</param>
            <param name="fileSystem">Instance of the <see cref="T:MediaBrowser.Model.IO.IFileSystem"/> interface.</param>
            <param name="config">Instance of the <see cref="T:MediaBrowser.Common.Configuration.IConfigurationManager"/> interface.</param>
            <param name="providerManager">Instance of the <see cref="T:MediaBrowser.Controller.Providers.IProviderManager"/> interface.</param>
            <param name="userManager">Instance of the <see cref="T:MediaBrowser.Controller.Library.IUserManager"/> interface.</param>
            <param name="userDataManager">Instance of the <see cref="T:MediaBrowser.Controller.Library.IUserDataManager"/> interface.</param>
            <param name="directoryService">Instance of the <see cref="T:MediaBrowser.Controller.Providers.IDirectoryService"/> interface.</param>
        </member>
        <member name="T:MediaBrowser.XbmcMetadata.Providers.SeasonNfoProvider">
            <summary>
            Nfo provider for seasons.
            </summary>
        </member>
        <member name="M:MediaBrowser.XbmcMetadata.Providers.SeasonNfoProvider.#ctor(Microsoft.Extensions.Logging.ILogger{MediaBrowser.XbmcMetadata.Providers.SeasonNfoProvider},MediaBrowser.Model.IO.IFileSystem,MediaBrowser.Common.Configuration.IConfigurationManager,MediaBrowser.Controller.Providers.IProviderManager,MediaBrowser.Controller.Library.IUserManager,MediaBrowser.Controller.Library.IUserDataManager,MediaBrowser.Controller.Providers.IDirectoryService)">
            <summary>
            Initializes a new instance of the <see cref="T:MediaBrowser.XbmcMetadata.Providers.SeasonNfoProvider"/> class.
            </summary>
            <param name="logger">Instance of the <see cref="T:Microsoft.Extensions.Logging.ILogger`1"/> interface.</param>
            <param name="fileSystem">Instance of the <see cref="T:MediaBrowser.Model.IO.IFileSystem"/> interface.</param>
            <param name="config">Instance of the <see cref="T:MediaBrowser.Common.Configuration.IConfigurationManager"/> interface.</param>
            <param name="providerManager">Instance of the <see cref="T:MediaBrowser.Controller.Providers.IProviderManager"/> interface.</param>
            <param name="userManager">Instance of the <see cref="T:MediaBrowser.Controller.Library.IUserManager"/> interface.</param>
            <param name="userDataManager">Instance of the <see cref="T:MediaBrowser.Controller.Library.IUserDataManager"/> interface.</param>
            <param name="directoryService">Instance of the <see cref="T:MediaBrowser.Controller.Providers.IDirectoryService"/> interface.</param>
        </member>
        <member name="M:MediaBrowser.XbmcMetadata.Providers.SeasonNfoProvider.Fetch(MediaBrowser.Controller.Providers.MetadataResult{MediaBrowser.Controller.Entities.TV.Season},System.String,System.Threading.CancellationToken)">
            <inheritdoc />
        </member>
        <member name="M:MediaBrowser.XbmcMetadata.Providers.SeasonNfoProvider.GetXmlFile(MediaBrowser.Controller.Providers.ItemInfo,MediaBrowser.Controller.Providers.IDirectoryService)">
            <inheritdoc />
        </member>
        <member name="T:MediaBrowser.XbmcMetadata.Providers.SeriesNfoProvider">
            <summary>
            Nfo provider for series.
            </summary>
        </member>
        <member name="M:MediaBrowser.XbmcMetadata.Providers.SeriesNfoProvider.#ctor(Microsoft.Extensions.Logging.ILogger{MediaBrowser.XbmcMetadata.Providers.SeriesNfoProvider},MediaBrowser.Model.IO.IFileSystem,MediaBrowser.Common.Configuration.IConfigurationManager,MediaBrowser.Controller.Providers.IProviderManager,MediaBrowser.Controller.Library.IUserManager,MediaBrowser.Controller.Library.IUserDataManager,MediaBrowser.Controller.Providers.IDirectoryService)">
            <summary>
            Initializes a new instance of the <see cref="T:MediaBrowser.XbmcMetadata.Providers.SeriesNfoProvider"/> class.
            </summary>
            <param name="logger">Instance of the <see cref="T:Microsoft.Extensions.Logging.ILogger`1"/> interface.</param>
            <param name="fileSystem">Instance of the <see cref="T:MediaBrowser.Model.IO.IFileSystem"/> interface.</param>
            <param name="config">Instance of the <see cref="T:MediaBrowser.Common.Configuration.IConfigurationManager"/> interface.</param>
            <param name="providerManager">Instance of the <see cref="T:MediaBrowser.Controller.Providers.IProviderManager"/> interface.</param>
            <param name="userManager">Instance of the <see cref="T:MediaBrowser.Controller.Library.IUserManager"/> interface.</param>
            <param name="userDataManager">Instance of the <see cref="T:MediaBrowser.Controller.Library.IUserDataManager"/> interface.</param>
            <param name="directoryService">Instance of the <see cref="T:MediaBrowser.Controller.Providers.IDirectoryService"/> interface.</param>
        </member>
        <member name="M:MediaBrowser.XbmcMetadata.Providers.SeriesNfoProvider.Fetch(MediaBrowser.Controller.Providers.MetadataResult{MediaBrowser.Controller.Entities.TV.Series},System.String,System.Threading.CancellationToken)">
            <inheritdoc />
        </member>
        <member name="M:MediaBrowser.XbmcMetadata.Providers.SeriesNfoProvider.GetXmlFile(MediaBrowser.Controller.Providers.ItemInfo,MediaBrowser.Controller.Providers.IDirectoryService)">
            <inheritdoc />
        </member>
        <member name="T:MediaBrowser.XbmcMetadata.Providers.VideoNfoProvider">
            <summary>
            Nfo provider for videos.
            </summary>
        </member>
        <member name="M:MediaBrowser.XbmcMetadata.Providers.VideoNfoProvider.#ctor(Microsoft.Extensions.Logging.ILogger{MediaBrowser.XbmcMetadata.Providers.VideoNfoProvider},MediaBrowser.Model.IO.IFileSystem,MediaBrowser.Common.Configuration.IConfigurationManager,MediaBrowser.Controller.Providers.IProviderManager,MediaBrowser.Controller.Library.IUserManager,MediaBrowser.Controller.Library.IUserDataManager,MediaBrowser.Controller.Providers.IDirectoryService)">
            <summary>
            Initializes a new instance of the <see cref="T:MediaBrowser.XbmcMetadata.Providers.VideoNfoProvider"/> class.
            </summary>
            <param name="logger">Instance of the <see cref="T:Microsoft.Extensions.Logging.ILogger`1"/> interface.</param>
            <param name="fileSystem">Instance of the <see cref="T:MediaBrowser.Model.IO.IFileSystem"/> interface.</param>
            <param name="config">Instance of the <see cref="T:MediaBrowser.Common.Configuration.IConfigurationManager"/> interface.</param>
            <param name="providerManager">Instance of the <see cref="T:MediaBrowser.Controller.Providers.IProviderManager"/> interface.</param>
            <param name="userManager">Instance of the <see cref="T:MediaBrowser.Controller.Library.IUserManager"/> interface.</param>
            <param name="userDataManager">Instance of the <see cref="T:MediaBrowser.Controller.Library.IUserDataManager"/> interface.</param>
            <param name="directoryService">Instance of the <see cref="T:MediaBrowser.Controller.Providers.IDirectoryService"/> interface.</param>
        </member>
        <member name="T:MediaBrowser.XbmcMetadata.Savers.AlbumNfoSaver">
            <summary>
            Nfo saver for albums.
            </summary>
        </member>
        <member name="M:MediaBrowser.XbmcMetadata.Savers.AlbumNfoSaver.#ctor(MediaBrowser.Model.IO.IFileSystem,MediaBrowser.Controller.Configuration.IServerConfigurationManager,MediaBrowser.Controller.Library.ILibraryManager,MediaBrowser.Controller.Library.IUserManager,MediaBrowser.Controller.Library.IUserDataManager,Microsoft.Extensions.Logging.ILogger{MediaBrowser.XbmcMetadata.Savers.AlbumNfoSaver})">
            <summary>
            Initializes a new instance of the <see cref="T:MediaBrowser.XbmcMetadata.Savers.AlbumNfoSaver"/> class.
            </summary>
            <param name="fileSystem">The file system.</param>
            <param name="configurationManager">the server configuration manager.</param>
            <param name="libraryManager">The library manager.</param>
            <param name="userManager">The user manager.</param>
            <param name="userDataManager">The user data manager.</param>
            <param name="logger">The logger.</param>
        </member>
        <member name="M:MediaBrowser.XbmcMetadata.Savers.AlbumNfoSaver.GetLocalSavePath(MediaBrowser.Controller.Entities.BaseItem)">
            <inheritdoc />
        </member>
        <member name="M:MediaBrowser.XbmcMetadata.Savers.AlbumNfoSaver.GetRootElementName(MediaBrowser.Controller.Entities.BaseItem)">
            <inheritdoc />
        </member>
        <member name="M:MediaBrowser.XbmcMetadata.Savers.AlbumNfoSaver.IsEnabledFor(MediaBrowser.Controller.Entities.BaseItem,MediaBrowser.Controller.Library.ItemUpdateType)">
            <inheritdoc />
        </member>
        <member name="M:MediaBrowser.XbmcMetadata.Savers.AlbumNfoSaver.WriteCustomElements(MediaBrowser.Controller.Entities.BaseItem,System.Xml.XmlWriter)">
            <inheritdoc />
        </member>
        <member name="M:MediaBrowser.XbmcMetadata.Savers.AlbumNfoSaver.GetTagsUsed(MediaBrowser.Controller.Entities.BaseItem)">
            <inheritdoc />
        </member>
        <member name="T:MediaBrowser.XbmcMetadata.Savers.ArtistNfoSaver">
            <summary>
            Nfo saver for artsist.
            </summary>
        </member>
        <member name="M:MediaBrowser.XbmcMetadata.Savers.ArtistNfoSaver.#ctor(MediaBrowser.Model.IO.IFileSystem,MediaBrowser.Controller.Configuration.IServerConfigurationManager,MediaBrowser.Controller.Library.ILibraryManager,MediaBrowser.Controller.Library.IUserManager,MediaBrowser.Controller.Library.IUserDataManager,Microsoft.Extensions.Logging.ILogger{MediaBrowser.XbmcMetadata.Savers.ArtistNfoSaver})">
            <summary>
            Initializes a new instance of the <see cref="T:MediaBrowser.XbmcMetadata.Savers.ArtistNfoSaver"/> class.
            </summary>
            <param name="fileSystem">The file system.</param>
            <param name="configurationManager">the server configuration manager.</param>
            <param name="libraryManager">The library manager.</param>
            <param name="userManager">The user manager.</param>
            <param name="userDataManager">The user data manager.</param>
            <param name="logger">The logger.</param>
        </member>
        <member name="M:MediaBrowser.XbmcMetadata.Savers.ArtistNfoSaver.GetLocalSavePath(MediaBrowser.Controller.Entities.BaseItem)">
            <inheritdoc />
        </member>
        <member name="M:MediaBrowser.XbmcMetadata.Savers.ArtistNfoSaver.GetRootElementName(MediaBrowser.Controller.Entities.BaseItem)">
            <inheritdoc />
        </member>
        <member name="M:MediaBrowser.XbmcMetadata.Savers.ArtistNfoSaver.IsEnabledFor(MediaBrowser.Controller.Entities.BaseItem,MediaBrowser.Controller.Library.ItemUpdateType)">
            <inheritdoc />
        </member>
        <member name="M:MediaBrowser.XbmcMetadata.Savers.ArtistNfoSaver.WriteCustomElements(MediaBrowser.Controller.Entities.BaseItem,System.Xml.XmlWriter)">
            <inheritdoc />
        </member>
        <member name="M:MediaBrowser.XbmcMetadata.Savers.ArtistNfoSaver.GetTagsUsed(MediaBrowser.Controller.Entities.BaseItem)">
            <inheritdoc />
        </member>
        <member name="P:MediaBrowser.XbmcMetadata.Savers.BaseNfoSaver.Name">
            <inheritdoc />
        </member>
        <member name="M:MediaBrowser.XbmcMetadata.Savers.BaseNfoSaver.GetSavePath(MediaBrowser.Controller.Entities.BaseItem)">
            <inheritdoc />
        </member>
        <member name="M:MediaBrowser.XbmcMetadata.Savers.BaseNfoSaver.GetLocalSavePath(MediaBrowser.Controller.Entities.BaseItem)">
            <summary>
            Gets the save path.
            </summary>
            <param name="item">The item.</param>
            <returns><see cref="T:System.String" />.</returns>
        </member>
        <member name="M:MediaBrowser.XbmcMetadata.Savers.BaseNfoSaver.GetRootElementName(MediaBrowser.Controller.Entities.BaseItem)">
            <summary>
            Gets the name of the root element.
            </summary>
            <param name="item">The item.</param>
            <returns><see cref="T:System.String" />.</returns>
        </member>
        <member name="M:MediaBrowser.XbmcMetadata.Savers.BaseNfoSaver.IsEnabledFor(MediaBrowser.Controller.Entities.BaseItem,MediaBrowser.Controller.Library.ItemUpdateType)">
            <inheritdoc />
        </member>
        <member name="M:MediaBrowser.XbmcMetadata.Savers.BaseNfoSaver.SaveAsync(MediaBrowser.Controller.Entities.BaseItem,System.Threading.CancellationToken)">
            <inheritdoc />
        </member>
        <member name="M:MediaBrowser.XbmcMetadata.Savers.BaseNfoSaver.AddCommonNodes(MediaBrowser.Controller.Entities.BaseItem,System.Xml.XmlWriter,MediaBrowser.Controller.Library.ILibraryManager,MediaBrowser.Controller.Library.IUserManager,MediaBrowser.Controller.Library.IUserDataManager,MediaBrowser.Controller.Configuration.IServerConfigurationManager)">
            <summary>
            Adds the common nodes.
            </summary>
        </member>
        <member name="M:MediaBrowser.XbmcMetadata.Savers.BaseNfoSaver.GetOutputTrailerUrl(System.String)">
            <summary>
            Gets the output trailer URL.
            </summary>
            <param name="url">The URL.</param>
            <returns>System.String.</returns>
        </member>
        <member name="T:MediaBrowser.XbmcMetadata.Savers.EpisodeNfoSaver">
            <summary>
            Nfo saver for episodes.
            </summary>
        </member>
        <member name="M:MediaBrowser.XbmcMetadata.Savers.EpisodeNfoSaver.#ctor(MediaBrowser.Model.IO.IFileSystem,MediaBrowser.Controller.Configuration.IServerConfigurationManager,MediaBrowser.Controller.Library.ILibraryManager,MediaBrowser.Controller.Library.IUserManager,MediaBrowser.Controller.Library.IUserDataManager,Microsoft.Extensions.Logging.ILogger{MediaBrowser.XbmcMetadata.Savers.EpisodeNfoSaver})">
            <summary>
            Initializes a new instance of the <see cref="T:MediaBrowser.XbmcMetadata.Savers.EpisodeNfoSaver"/> class.
            </summary>
            <param name="fileSystem">The file system.</param>
            <param name="configurationManager">the server configuration manager.</param>
            <param name="libraryManager">The library manager.</param>
            <param name="userManager">The user manager.</param>
            <param name="userDataManager">The user data manager.</param>
            <param name="logger">The logger.</param>
        </member>
        <member name="M:MediaBrowser.XbmcMetadata.Savers.EpisodeNfoSaver.GetLocalSavePath(MediaBrowser.Controller.Entities.BaseItem)">
            <inheritdoc />
        </member>
        <member name="M:MediaBrowser.XbmcMetadata.Savers.EpisodeNfoSaver.GetRootElementName(MediaBrowser.Controller.Entities.BaseItem)">
            <inheritdoc />
        </member>
        <member name="M:MediaBrowser.XbmcMetadata.Savers.EpisodeNfoSaver.IsEnabledFor(MediaBrowser.Controller.Entities.BaseItem,MediaBrowser.Controller.Library.ItemUpdateType)">
            <inheritdoc />
        </member>
        <member name="M:MediaBrowser.XbmcMetadata.Savers.EpisodeNfoSaver.WriteCustomElements(MediaBrowser.Controller.Entities.BaseItem,System.Xml.XmlWriter)">
            <inheritdoc />
        </member>
        <member name="M:MediaBrowser.XbmcMetadata.Savers.EpisodeNfoSaver.GetTagsUsed(MediaBrowser.Controller.Entities.BaseItem)">
            <inheritdoc />
        </member>
        <member name="T:MediaBrowser.XbmcMetadata.Savers.MovieNfoSaver">
            <summary>
            Nfo saver for movies.
            </summary>
        </member>
        <member name="M:MediaBrowser.XbmcMetadata.Savers.MovieNfoSaver.#ctor(MediaBrowser.Model.IO.IFileSystem,MediaBrowser.Controller.Configuration.IServerConfigurationManager,MediaBrowser.Controller.Library.ILibraryManager,MediaBrowser.Controller.Library.IUserManager,MediaBrowser.Controller.Library.IUserDataManager,Microsoft.Extensions.Logging.ILogger{MediaBrowser.XbmcMetadata.Savers.MovieNfoSaver})">
            <summary>
            Initializes a new instance of the <see cref="T:MediaBrowser.XbmcMetadata.Savers.MovieNfoSaver"/> class.
            </summary>
            <param name="fileSystem">The file system.</param>
            <param name="configurationManager">the server configuration manager.</param>
            <param name="libraryManager">The library manager.</param>
            <param name="userManager">The user manager.</param>
            <param name="userDataManager">The user data manager.</param>
            <param name="logger">The logger.</param>
        </member>
        <member name="M:MediaBrowser.XbmcMetadata.Savers.MovieNfoSaver.GetLocalSavePath(MediaBrowser.Controller.Entities.BaseItem)">
            <inheritdoc />
        </member>
        <member name="M:MediaBrowser.XbmcMetadata.Savers.MovieNfoSaver.GetRootElementName(MediaBrowser.Controller.Entities.BaseItem)">
            <inheritdoc />
        </member>
        <member name="M:MediaBrowser.XbmcMetadata.Savers.MovieNfoSaver.IsEnabledFor(MediaBrowser.Controller.Entities.BaseItem,MediaBrowser.Controller.Library.ItemUpdateType)">
            <inheritdoc />
        </member>
        <member name="M:MediaBrowser.XbmcMetadata.Savers.MovieNfoSaver.WriteCustomElements(MediaBrowser.Controller.Entities.BaseItem,System.Xml.XmlWriter)">
            <inheritdoc />
        </member>
        <member name="M:MediaBrowser.XbmcMetadata.Savers.MovieNfoSaver.GetTagsUsed(MediaBrowser.Controller.Entities.BaseItem)">
            <inheritdoc />
        </member>
        <member name="T:MediaBrowser.XbmcMetadata.Savers.SeasonNfoSaver">
            <summary>
            Nfo saver for seasons.
            </summary>
        </member>
        <member name="M:MediaBrowser.XbmcMetadata.Savers.SeasonNfoSaver.#ctor(MediaBrowser.Model.IO.IFileSystem,MediaBrowser.Controller.Configuration.IServerConfigurationManager,MediaBrowser.Controller.Library.ILibraryManager,MediaBrowser.Controller.Library.IUserManager,MediaBrowser.Controller.Library.IUserDataManager,Microsoft.Extensions.Logging.ILogger{MediaBrowser.XbmcMetadata.Savers.SeasonNfoSaver})">
            <summary>
            Initializes a new instance of the <see cref="T:MediaBrowser.XbmcMetadata.Savers.SeasonNfoSaver"/> class.
            </summary>
            <param name="fileSystem">The file system.</param>
            <param name="configurationManager">the server configuration manager.</param>
            <param name="libraryManager">The library manager.</param>
            <param name="userManager">The user manager.</param>
            <param name="userDataManager">The user data manager.</param>
            <param name="logger">The logger.</param>
        </member>
        <member name="M:MediaBrowser.XbmcMetadata.Savers.SeasonNfoSaver.GetLocalSavePath(MediaBrowser.Controller.Entities.BaseItem)">
            <inheritdoc />
        </member>
        <member name="M:MediaBrowser.XbmcMetadata.Savers.SeasonNfoSaver.GetRootElementName(MediaBrowser.Controller.Entities.BaseItem)">
            <inheritdoc />
        </member>
        <member name="M:MediaBrowser.XbmcMetadata.Savers.SeasonNfoSaver.IsEnabledFor(MediaBrowser.Controller.Entities.BaseItem,MediaBrowser.Controller.Library.ItemUpdateType)">
            <inheritdoc />
        </member>
        <member name="M:MediaBrowser.XbmcMetadata.Savers.SeasonNfoSaver.WriteCustomElements(MediaBrowser.Controller.Entities.BaseItem,System.Xml.XmlWriter)">
            <inheritdoc />
        </member>
        <member name="M:MediaBrowser.XbmcMetadata.Savers.SeasonNfoSaver.GetTagsUsed(MediaBrowser.Controller.Entities.BaseItem)">
            <inheritdoc />
        </member>
        <member name="T:MediaBrowser.XbmcMetadata.Savers.SeriesNfoSaver">
            <summary>
            Nfo saver for series.
            </summary>
        </member>
        <member name="M:MediaBrowser.XbmcMetadata.Savers.SeriesNfoSaver.#ctor(MediaBrowser.Model.IO.IFileSystem,MediaBrowser.Controller.Configuration.IServerConfigurationManager,MediaBrowser.Controller.Library.ILibraryManager,MediaBrowser.Controller.Library.IUserManager,MediaBrowser.Controller.Library.IUserDataManager,Microsoft.Extensions.Logging.ILogger{MediaBrowser.XbmcMetadata.Savers.SeriesNfoSaver})">
            <summary>
            Initializes a new instance of the <see cref="T:MediaBrowser.XbmcMetadata.Savers.SeriesNfoSaver"/> class.
            </summary>
            <param name="fileSystem">The file system.</param>
            <param name="configurationManager">the server configuration manager.</param>
            <param name="libraryManager">The library manager.</param>
            <param name="userManager">The user manager.</param>
            <param name="userDataManager">The user data manager.</param>
            <param name="logger">The logger.</param>
        </member>
        <member name="M:MediaBrowser.XbmcMetadata.Savers.SeriesNfoSaver.GetLocalSavePath(MediaBrowser.Controller.Entities.BaseItem)">
            <inheritdoc />
        </member>
        <member name="M:MediaBrowser.XbmcMetadata.Savers.SeriesNfoSaver.GetRootElementName(MediaBrowser.Controller.Entities.BaseItem)">
            <inheritdoc />
        </member>
        <member name="M:MediaBrowser.XbmcMetadata.Savers.SeriesNfoSaver.IsEnabledFor(MediaBrowser.Controller.Entities.BaseItem,MediaBrowser.Controller.Library.ItemUpdateType)">
            <inheritdoc />
        </member>
        <member name="M:MediaBrowser.XbmcMetadata.Savers.SeriesNfoSaver.WriteCustomElements(MediaBrowser.Controller.Entities.BaseItem,System.Xml.XmlWriter)">
            <inheritdoc />
        </member>
        <member name="M:MediaBrowser.XbmcMetadata.Savers.SeriesNfoSaver.GetTagsUsed(MediaBrowser.Controller.Entities.BaseItem)">
            <inheritdoc />
        </member>
    </members>
</doc>
