<?xml version="1.0"?>
<doc>
    <assembly>
        <name>Jellyfin.Server.Implementations</name>
    </assembly>
    <members>
        <member name="T:Jellyfin.Server.Implementations.Activity.ActivityManager">
            <summary>
            Manages the storage and retrieval of <see cref="T:Jellyfin.Data.Entities.ActivityLog"/> instances.
            </summary>
        </member>
        <member name="M:Jellyfin.Server.Implementations.Activity.ActivityManager.#ctor(Jellyfin.Server.Implementations.JellyfinDbProvider)">
            <summary>
            Initializes a new instance of the <see cref="T:Jellyfin.Server.Implementations.Activity.ActivityManager"/> class.
            </summary>
            <param name="provider">The Jellyfin database provider.</param>
        </member>
        <member name="E:Jellyfin.Server.Implementations.Activity.ActivityManager.EntryCreated">
            <inheritdoc/>
        </member>
        <member name="M:Jellyfin.Server.Implementations.Activity.ActivityManager.CreateAsync(Jellyfin.Data.Entities.ActivityLog)">
            <inheritdoc/>
        </member>
        <member name="M:Jellyfin.Server.Implementations.Activity.ActivityManager.GetPagedResultAsync(Jellyfin.Data.Queries.ActivityLogQuery)">
            <inheritdoc/>
        </member>
        <member name="M:Jellyfin.Server.Implementations.Activity.ActivityManager.CleanAsync(System.DateTime)">
            <inheritdoc />
        </member>
        <member name="T:Jellyfin.Server.Implementations.Devices.DeviceManager">
            <summary>
            Manages the creation, updating, and retrieval of devices.
            </summary>
        </member>
        <member name="M:Jellyfin.Server.Implementations.Devices.DeviceManager.#ctor(Jellyfin.Server.Implementations.JellyfinDbProvider,MediaBrowser.Controller.Library.IUserManager)">
            <summary>
            Initializes a new instance of the <see cref="T:Jellyfin.Server.Implementations.Devices.DeviceManager"/> class.
            </summary>
            <param name="dbProvider">The database provider.</param>
            <param name="userManager">The user manager.</param>
        </member>
        <member name="E:Jellyfin.Server.Implementations.Devices.DeviceManager.DeviceOptionsUpdated">
            <inheritdoc />
        </member>
        <member name="M:Jellyfin.Server.Implementations.Devices.DeviceManager.SaveCapabilities(System.String,MediaBrowser.Model.Session.ClientCapabilities)">
            <inheritdoc />
        </member>
        <member name="M:Jellyfin.Server.Implementations.Devices.DeviceManager.UpdateDeviceOptions(System.String,System.String)">
            <inheritdoc />
        </member>
        <member name="M:Jellyfin.Server.Implementations.Devices.DeviceManager.CreateDevice(Jellyfin.Data.Entities.Security.Device)">
            <inheritdoc />
        </member>
        <member name="M:Jellyfin.Server.Implementations.Devices.DeviceManager.GetDeviceOptions(System.String)">
            <inheritdoc />
        </member>
        <member name="M:Jellyfin.Server.Implementations.Devices.DeviceManager.GetCapabilities(System.String)">
            <inheritdoc />
        </member>
        <member name="M:Jellyfin.Server.Implementations.Devices.DeviceManager.GetDevice(System.String)">
            <inheritdoc />
        </member>
        <member name="M:Jellyfin.Server.Implementations.Devices.DeviceManager.GetDevices(Jellyfin.Data.Queries.DeviceQuery)">
            <inheritdoc />
        </member>
        <member name="M:Jellyfin.Server.Implementations.Devices.DeviceManager.GetDeviceInfos(Jellyfin.Data.Queries.DeviceQuery)">
            <inheritdoc />
        </member>
        <member name="M:Jellyfin.Server.Implementations.Devices.DeviceManager.GetDevicesForUser(System.Nullable{System.Guid},System.Nullable{System.Boolean})">
            <inheritdoc />
        </member>
        <member name="M:Jellyfin.Server.Implementations.Devices.DeviceManager.DeleteDevice(Jellyfin.Data.Entities.Security.Device)">
            <inheritdoc />
        </member>
        <member name="M:Jellyfin.Server.Implementations.Devices.DeviceManager.CanAccessDevice(Jellyfin.Data.Entities.User,System.String)">
            <inheritdoc />
        </member>
        <member name="T:Jellyfin.Server.Implementations.Events.Consumers.Library.SubtitleDownloadFailureLogger">
            <summary>
            Creates an entry in the activity log whenever a subtitle download fails.
            </summary>
        </member>
        <member name="M:Jellyfin.Server.Implementations.Events.Consumers.Library.SubtitleDownloadFailureLogger.#ctor(MediaBrowser.Model.Globalization.ILocalizationManager,MediaBrowser.Model.Activity.IActivityManager)">
            <summary>
            Initializes a new instance of the <see cref="T:Jellyfin.Server.Implementations.Events.Consumers.Library.SubtitleDownloadFailureLogger"/> class.
            </summary>
            <param name="localizationManager">The localization manager.</param>
            <param name="activityManager">The activity manager.</param>
        </member>
        <member name="M:Jellyfin.Server.Implementations.Events.Consumers.Library.SubtitleDownloadFailureLogger.OnEvent(MediaBrowser.Controller.Subtitles.SubtitleDownloadFailureEventArgs)">
            <inheritdoc />
        </member>
        <member name="T:Jellyfin.Server.Implementations.Events.Consumers.Security.AuthenticationFailedLogger">
            <summary>
            Creates an entry in the activity log when there is a failed login attempt.
            </summary>
        </member>
        <member name="M:Jellyfin.Server.Implementations.Events.Consumers.Security.AuthenticationFailedLogger.#ctor(MediaBrowser.Model.Globalization.ILocalizationManager,MediaBrowser.Model.Activity.IActivityManager)">
            <summary>
            Initializes a new instance of the <see cref="T:Jellyfin.Server.Implementations.Events.Consumers.Security.AuthenticationFailedLogger"/> class.
            </summary>
            <param name="localizationManager">The localization manager.</param>
            <param name="activityManager">The activity manager.</param>
        </member>
        <member name="M:Jellyfin.Server.Implementations.Events.Consumers.Security.AuthenticationFailedLogger.OnEvent(Jellyfin.Data.Events.GenericEventArgs{MediaBrowser.Controller.Session.AuthenticationRequest})">
            <inheritdoc />
        </member>
        <member name="T:Jellyfin.Server.Implementations.Events.Consumers.Security.AuthenticationSucceededLogger">
            <summary>
            Creates an entry in the activity log when there is a successful login attempt.
            </summary>
        </member>
        <member name="M:Jellyfin.Server.Implementations.Events.Consumers.Security.AuthenticationSucceededLogger.#ctor(MediaBrowser.Model.Globalization.ILocalizationManager,MediaBrowser.Model.Activity.IActivityManager)">
            <summary>
            Initializes a new instance of the <see cref="T:Jellyfin.Server.Implementations.Events.Consumers.Security.AuthenticationSucceededLogger"/> class.
            </summary>
            <param name="localizationManager">The localization manager.</param>
            <param name="activityManager">The activity manager.</param>
        </member>
        <member name="M:Jellyfin.Server.Implementations.Events.Consumers.Security.AuthenticationSucceededLogger.OnEvent(Jellyfin.Data.Events.GenericEventArgs{MediaBrowser.Controller.Authentication.AuthenticationResult})">
            <inheritdoc />
        </member>
        <member name="T:Jellyfin.Server.Implementations.Events.Consumers.Session.PlaybackStartLogger">
            <summary>
            Creates an entry in the activity log whenever a user starts playback.
            </summary>
        </member>
        <member name="M:Jellyfin.Server.Implementations.Events.Consumers.Session.PlaybackStartLogger.#ctor(Microsoft.Extensions.Logging.ILogger{Jellyfin.Server.Implementations.Events.Consumers.Session.PlaybackStartLogger},MediaBrowser.Model.Globalization.ILocalizationManager,MediaBrowser.Model.Activity.IActivityManager)">
            <summary>
            Initializes a new instance of the <see cref="T:Jellyfin.Server.Implementations.Events.Consumers.Session.PlaybackStartLogger"/> class.
            </summary>
            <param name="logger">The logger.</param>
            <param name="localizationManager">The localization manager.</param>
            <param name="activityManager">The activity manager.</param>
        </member>
        <member name="M:Jellyfin.Server.Implementations.Events.Consumers.Session.PlaybackStartLogger.OnEvent(MediaBrowser.Controller.Library.PlaybackStartEventArgs)">
            <inheritdoc />
        </member>
        <member name="T:Jellyfin.Server.Implementations.Events.Consumers.Session.PlaybackStopLogger">
            <summary>
            Creates an activity log entry whenever a user stops playback.
            </summary>
        </member>
        <member name="M:Jellyfin.Server.Implementations.Events.Consumers.Session.PlaybackStopLogger.#ctor(Microsoft.Extensions.Logging.ILogger{Jellyfin.Server.Implementations.Events.Consumers.Session.PlaybackStopLogger},MediaBrowser.Model.Globalization.ILocalizationManager,MediaBrowser.Model.Activity.IActivityManager)">
            <summary>
            Initializes a new instance of the <see cref="T:Jellyfin.Server.Implementations.Events.Consumers.Session.PlaybackStopLogger"/> class.
            </summary>
            <param name="logger">The logger.</param>
            <param name="localizationManager">The localization manager.</param>
            <param name="activityManager">The activity manager.</param>
        </member>
        <member name="M:Jellyfin.Server.Implementations.Events.Consumers.Session.PlaybackStopLogger.OnEvent(MediaBrowser.Controller.Library.PlaybackStopEventArgs)">
            <inheritdoc />
        </member>
        <member name="T:Jellyfin.Server.Implementations.Events.Consumers.Session.SessionEndedLogger">
            <summary>
            Creates an entry in the activity log whenever a session ends.
            </summary>
        </member>
        <member name="M:Jellyfin.Server.Implementations.Events.Consumers.Session.SessionEndedLogger.#ctor(MediaBrowser.Model.Globalization.ILocalizationManager,MediaBrowser.Model.Activity.IActivityManager)">
            <summary>
            Initializes a new instance of the <see cref="T:Jellyfin.Server.Implementations.Events.Consumers.Session.SessionEndedLogger"/> class.
            </summary>
            <param name="localizationManager">The localization manager.</param>
            <param name="activityManager">The activity manager.</param>
        </member>
        <member name="M:Jellyfin.Server.Implementations.Events.Consumers.Session.SessionEndedLogger.OnEvent(MediaBrowser.Controller.Events.Session.SessionEndedEventArgs)">
            <inheritdoc />
        </member>
        <member name="T:Jellyfin.Server.Implementations.Events.Consumers.Session.SessionStartedLogger">
            <summary>
            Creates an entry in the activity log when a session is started.
            </summary>
        </member>
        <member name="M:Jellyfin.Server.Implementations.Events.Consumers.Session.SessionStartedLogger.#ctor(MediaBrowser.Model.Globalization.ILocalizationManager,MediaBrowser.Model.Activity.IActivityManager)">
            <summary>
            Initializes a new instance of the <see cref="T:Jellyfin.Server.Implementations.Events.Consumers.Session.SessionStartedLogger"/> class.
            </summary>
            <param name="localizationManager">The localization manager.</param>
            <param name="activityManager">The activity manager.</param>
        </member>
        <member name="M:Jellyfin.Server.Implementations.Events.Consumers.Session.SessionStartedLogger.OnEvent(MediaBrowser.Controller.Events.Session.SessionStartedEventArgs)">
            <inheritdoc />
        </member>
        <member name="T:Jellyfin.Server.Implementations.Events.Consumers.System.PendingRestartNotifier">
            <summary>
            Notifies users when there is a pending restart.
            </summary>
        </member>
        <member name="M:Jellyfin.Server.Implementations.Events.Consumers.System.PendingRestartNotifier.#ctor(MediaBrowser.Controller.Session.ISessionManager)">
            <summary>
            Initializes a new instance of the <see cref="T:Jellyfin.Server.Implementations.Events.Consumers.System.PendingRestartNotifier"/> class.
            </summary>
            <param name="sessionManager">The session manager.</param>
        </member>
        <member name="M:Jellyfin.Server.Implementations.Events.Consumers.System.PendingRestartNotifier.OnEvent(Jellyfin.Data.Events.System.PendingRestartEventArgs)">
            <inheritdoc />
        </member>
        <member name="T:Jellyfin.Server.Implementations.Events.Consumers.System.TaskCompletedLogger">
            <summary>
            Creates an activity log entry whenever a task is completed.
            </summary>
        </member>
        <member name="M:Jellyfin.Server.Implementations.Events.Consumers.System.TaskCompletedLogger.#ctor(MediaBrowser.Model.Globalization.ILocalizationManager,MediaBrowser.Model.Activity.IActivityManager)">
            <summary>
            Initializes a new instance of the <see cref="T:Jellyfin.Server.Implementations.Events.Consumers.System.TaskCompletedLogger"/> class.
            </summary>
            <param name="localizationManager">The localization manager.</param>
            <param name="activityManager">The activity manager.</param>
        </member>
        <member name="M:Jellyfin.Server.Implementations.Events.Consumers.System.TaskCompletedLogger.OnEvent(MediaBrowser.Model.Tasks.TaskCompletionEventArgs)">
            <inheritdoc />
        </member>
        <member name="M:Jellyfin.Server.Implementations.Events.Consumers.System.TaskCompletedLogger.CreateValueString(System.Int32,System.String)">
            <summary>
            Constructs a string description of a time-span value.
            </summary>
            <param name="value">The value of this item.</param>
            <param name="description">The name of this item (singular form).</param>
        </member>
        <member name="T:Jellyfin.Server.Implementations.Events.Consumers.System.TaskCompletedNotifier">
            <summary>
            Notifies admin users when a task is completed.
            </summary>
        </member>
        <member name="M:Jellyfin.Server.Implementations.Events.Consumers.System.TaskCompletedNotifier.#ctor(MediaBrowser.Controller.Session.ISessionManager)">
            <summary>
            Initializes a new instance of the <see cref="T:Jellyfin.Server.Implementations.Events.Consumers.System.TaskCompletedNotifier"/> class.
            </summary>
            <param name="sessionManager">The session manager.</param>
        </member>
        <member name="M:Jellyfin.Server.Implementations.Events.Consumers.System.TaskCompletedNotifier.OnEvent(MediaBrowser.Model.Tasks.TaskCompletionEventArgs)">
            <inheritdoc />
        </member>
        <member name="T:Jellyfin.Server.Implementations.Events.Consumers.Updates.PluginInstallationCancelledNotifier">
            <summary>
            Notifies admin users when a plugin installation is cancelled.
            </summary>
        </member>
        <member name="M:Jellyfin.Server.Implementations.Events.Consumers.Updates.PluginInstallationCancelledNotifier.#ctor(MediaBrowser.Controller.Session.ISessionManager)">
            <summary>
            Initializes a new instance of the <see cref="T:Jellyfin.Server.Implementations.Events.Consumers.Updates.PluginInstallationCancelledNotifier"/> class.
            </summary>
            <param name="sessionManager">The session manager.</param>
        </member>
        <member name="M:Jellyfin.Server.Implementations.Events.Consumers.Updates.PluginInstallationCancelledNotifier.OnEvent(MediaBrowser.Controller.Events.Updates.PluginInstallationCancelledEventArgs)">
            <inheritdoc />
        </member>
        <member name="T:Jellyfin.Server.Implementations.Events.Consumers.Updates.PluginInstallationFailedLogger">
            <summary>
            Creates an entry in the activity log when a package installation fails.
            </summary>
        </member>
        <member name="M:Jellyfin.Server.Implementations.Events.Consumers.Updates.PluginInstallationFailedLogger.#ctor(MediaBrowser.Model.Globalization.ILocalizationManager,MediaBrowser.Model.Activity.IActivityManager)">
            <summary>
            Initializes a new instance of the <see cref="T:Jellyfin.Server.Implementations.Events.Consumers.Updates.PluginInstallationFailedLogger"/> class.
            </summary>
            <param name="localizationManager">The localization manager.</param>
            <param name="activityManager">The activity manager.</param>
        </member>
        <member name="M:Jellyfin.Server.Implementations.Events.Consumers.Updates.PluginInstallationFailedLogger.OnEvent(MediaBrowser.Common.Updates.InstallationFailedEventArgs)">
            <inheritdoc />
        </member>
        <member name="T:Jellyfin.Server.Implementations.Events.Consumers.Updates.PluginInstallationFailedNotifier">
            <summary>
            Notifies admin users when a plugin installation fails.
            </summary>
        </member>
        <member name="M:Jellyfin.Server.Implementations.Events.Consumers.Updates.PluginInstallationFailedNotifier.#ctor(MediaBrowser.Controller.Session.ISessionManager)">
            <summary>
            Initializes a new instance of the <see cref="T:Jellyfin.Server.Implementations.Events.Consumers.Updates.PluginInstallationFailedNotifier"/> class.
            </summary>
            <param name="sessionManager">The session manager.</param>
        </member>
        <member name="M:Jellyfin.Server.Implementations.Events.Consumers.Updates.PluginInstallationFailedNotifier.OnEvent(MediaBrowser.Common.Updates.InstallationFailedEventArgs)">
            <inheritdoc />
        </member>
        <member name="T:Jellyfin.Server.Implementations.Events.Consumers.Updates.PluginInstalledLogger">
            <summary>
            Creates an entry in the activity log when a plugin is installed.
            </summary>
        </member>
        <member name="M:Jellyfin.Server.Implementations.Events.Consumers.Updates.PluginInstalledLogger.#ctor(MediaBrowser.Model.Globalization.ILocalizationManager,MediaBrowser.Model.Activity.IActivityManager)">
            <summary>
            Initializes a new instance of the <see cref="T:Jellyfin.Server.Implementations.Events.Consumers.Updates.PluginInstalledLogger"/> class.
            </summary>
            <param name="localizationManager">The localization manager.</param>
            <param name="activityManager">The activity manager.</param>
        </member>
        <member name="M:Jellyfin.Server.Implementations.Events.Consumers.Updates.PluginInstalledLogger.OnEvent(MediaBrowser.Controller.Events.Updates.PluginInstalledEventArgs)">
            <inheritdoc />
        </member>
        <member name="T:Jellyfin.Server.Implementations.Events.Consumers.Updates.PluginInstalledNotifier">
            <summary>
            Notifies admin users when a plugin is installed.
            </summary>
        </member>
        <member name="M:Jellyfin.Server.Implementations.Events.Consumers.Updates.PluginInstalledNotifier.#ctor(MediaBrowser.Controller.Session.ISessionManager)">
            <summary>
            Initializes a new instance of the <see cref="T:Jellyfin.Server.Implementations.Events.Consumers.Updates.PluginInstalledNotifier"/> class.
            </summary>
            <param name="sessionManager">The session manager.</param>
        </member>
        <member name="M:Jellyfin.Server.Implementations.Events.Consumers.Updates.PluginInstalledNotifier.OnEvent(MediaBrowser.Controller.Events.Updates.PluginInstalledEventArgs)">
            <inheritdoc />
        </member>
        <member name="T:Jellyfin.Server.Implementations.Events.Consumers.Updates.PluginInstallingNotifier">
            <summary>
            Notifies admin users when a plugin is being installed.
            </summary>
        </member>
        <member name="M:Jellyfin.Server.Implementations.Events.Consumers.Updates.PluginInstallingNotifier.#ctor(MediaBrowser.Controller.Session.ISessionManager)">
            <summary>
            Initializes a new instance of the <see cref="T:Jellyfin.Server.Implementations.Events.Consumers.Updates.PluginInstallingNotifier"/> class.
            </summary>
            <param name="sessionManager">The session manager.</param>
        </member>
        <member name="M:Jellyfin.Server.Implementations.Events.Consumers.Updates.PluginInstallingNotifier.OnEvent(MediaBrowser.Controller.Events.Updates.PluginInstallingEventArgs)">
            <inheritdoc />
        </member>
        <member name="T:Jellyfin.Server.Implementations.Events.Consumers.Updates.PluginUninstalledLogger">
            <summary>
            Creates an entry in the activity log when a plugin is uninstalled.
            </summary>
        </member>
        <member name="M:Jellyfin.Server.Implementations.Events.Consumers.Updates.PluginUninstalledLogger.#ctor(MediaBrowser.Model.Globalization.ILocalizationManager,MediaBrowser.Model.Activity.IActivityManager)">
            <summary>
            Initializes a new instance of the <see cref="T:Jellyfin.Server.Implementations.Events.Consumers.Updates.PluginUninstalledLogger"/> class.
            </summary>
            <param name="localizationManager">The localization manager.</param>
            <param name="activityManager">The activity manager.</param>
        </member>
        <member name="M:Jellyfin.Server.Implementations.Events.Consumers.Updates.PluginUninstalledLogger.OnEvent(MediaBrowser.Controller.Events.Updates.PluginUninstalledEventArgs)">
            <inheritdoc />
        </member>
        <member name="T:Jellyfin.Server.Implementations.Events.Consumers.Updates.PluginUninstalledNotifier">
            <summary>
            Notifies admin users when a plugin is uninstalled.
            </summary>
        </member>
        <member name="M:Jellyfin.Server.Implementations.Events.Consumers.Updates.PluginUninstalledNotifier.#ctor(MediaBrowser.Controller.Session.ISessionManager)">
            <summary>
            Initializes a new instance of the <see cref="T:Jellyfin.Server.Implementations.Events.Consumers.Updates.PluginUninstalledNotifier"/> class.
            </summary>
            <param name="sessionManager">The session manager.</param>
        </member>
        <member name="M:Jellyfin.Server.Implementations.Events.Consumers.Updates.PluginUninstalledNotifier.OnEvent(MediaBrowser.Controller.Events.Updates.PluginUninstalledEventArgs)">
            <inheritdoc />
        </member>
        <member name="T:Jellyfin.Server.Implementations.Events.Consumers.Updates.PluginUpdatedLogger">
            <summary>
            Creates an entry in the activity log when a plugin is updated.
            </summary>
        </member>
        <member name="M:Jellyfin.Server.Implementations.Events.Consumers.Updates.PluginUpdatedLogger.#ctor(MediaBrowser.Model.Globalization.ILocalizationManager,MediaBrowser.Model.Activity.IActivityManager)">
            <summary>
            Initializes a new instance of the <see cref="T:Jellyfin.Server.Implementations.Events.Consumers.Updates.PluginUpdatedLogger"/> class.
            </summary>
            <param name="localizationManager">The localization manager.</param>
            <param name="activityManager">The activity manager.</param>
        </member>
        <member name="M:Jellyfin.Server.Implementations.Events.Consumers.Updates.PluginUpdatedLogger.OnEvent(MediaBrowser.Controller.Events.Updates.PluginUpdatedEventArgs)">
            <inheritdoc />
        </member>
        <member name="T:Jellyfin.Server.Implementations.Events.Consumers.Users.UserCreatedLogger">
            <summary>
            Creates an entry in the activity log when a user is created.
            </summary>
        </member>
        <member name="M:Jellyfin.Server.Implementations.Events.Consumers.Users.UserCreatedLogger.#ctor(MediaBrowser.Model.Globalization.ILocalizationManager,MediaBrowser.Model.Activity.IActivityManager)">
            <summary>
            Initializes a new instance of the <see cref="T:Jellyfin.Server.Implementations.Events.Consumers.Users.UserCreatedLogger"/> class.
            </summary>
            <param name="localizationManager">The localization manager.</param>
            <param name="activityManager">The activity manager.</param>
        </member>
        <member name="M:Jellyfin.Server.Implementations.Events.Consumers.Users.UserCreatedLogger.OnEvent(Jellyfin.Data.Events.Users.UserCreatedEventArgs)">
            <inheritdoc />
        </member>
        <member name="T:Jellyfin.Server.Implementations.Events.Consumers.Users.UserDeletedLogger">
            <summary>
            Adds an entry to the activity log when a user is deleted.
            </summary>
        </member>
        <member name="M:Jellyfin.Server.Implementations.Events.Consumers.Users.UserDeletedLogger.#ctor(MediaBrowser.Model.Globalization.ILocalizationManager,MediaBrowser.Model.Activity.IActivityManager)">
            <summary>
            Initializes a new instance of the <see cref="T:Jellyfin.Server.Implementations.Events.Consumers.Users.UserDeletedLogger"/> class.
            </summary>
            <param name="localizationManager">The localization manager.</param>
            <param name="activityManager">The activity manager.</param>
        </member>
        <member name="M:Jellyfin.Server.Implementations.Events.Consumers.Users.UserDeletedLogger.OnEvent(Jellyfin.Data.Events.Users.UserDeletedEventArgs)">
            <inheritdoc />
        </member>
        <member name="T:Jellyfin.Server.Implementations.Events.Consumers.Users.UserDeletedNotifier">
            <summary>
            Notifies the user's sessions when a user is deleted.
            </summary>
        </member>
        <member name="M:Jellyfin.Server.Implementations.Events.Consumers.Users.UserDeletedNotifier.#ctor(MediaBrowser.Controller.Session.ISessionManager)">
            <summary>
            Initializes a new instance of the <see cref="T:Jellyfin.Server.Implementations.Events.Consumers.Users.UserDeletedNotifier"/> class.
            </summary>
            <param name="sessionManager">The session manager.</param>
        </member>
        <member name="M:Jellyfin.Server.Implementations.Events.Consumers.Users.UserDeletedNotifier.OnEvent(Jellyfin.Data.Events.Users.UserDeletedEventArgs)">
            <inheritdoc />
        </member>
        <member name="T:Jellyfin.Server.Implementations.Events.Consumers.Users.UserLockedOutLogger">
            <summary>
            Creates an entry in the activity log when a user is locked out.
            </summary>
        </member>
        <member name="M:Jellyfin.Server.Implementations.Events.Consumers.Users.UserLockedOutLogger.#ctor(MediaBrowser.Model.Globalization.ILocalizationManager,MediaBrowser.Model.Activity.IActivityManager)">
            <summary>
            Initializes a new instance of the <see cref="T:Jellyfin.Server.Implementations.Events.Consumers.Users.UserLockedOutLogger"/> class.
            </summary>
            <param name="localizationManager">The localization manager.</param>
            <param name="activityManager">The activity manager.</param>
        </member>
        <member name="M:Jellyfin.Server.Implementations.Events.Consumers.Users.UserLockedOutLogger.OnEvent(Jellyfin.Data.Events.Users.UserLockedOutEventArgs)">
            <inheritdoc />
        </member>
        <member name="T:Jellyfin.Server.Implementations.Events.Consumers.Users.UserPasswordChangedLogger">
            <summary>
            Creates an entry in the activity log when a user's password is changed.
            </summary>
        </member>
        <member name="M:Jellyfin.Server.Implementations.Events.Consumers.Users.UserPasswordChangedLogger.#ctor(MediaBrowser.Model.Globalization.ILocalizationManager,MediaBrowser.Model.Activity.IActivityManager)">
            <summary>
            Initializes a new instance of the <see cref="T:Jellyfin.Server.Implementations.Events.Consumers.Users.UserPasswordChangedLogger"/> class.
            </summary>
            <param name="localizationManager">The localization manager.</param>
            <param name="activityManager">The activity manager.</param>
        </member>
        <member name="M:Jellyfin.Server.Implementations.Events.Consumers.Users.UserPasswordChangedLogger.OnEvent(Jellyfin.Data.Events.Users.UserPasswordChangedEventArgs)">
            <inheritdoc />
        </member>
        <member name="T:Jellyfin.Server.Implementations.Events.Consumers.Users.UserUpdatedNotifier">
            <summary>
            Notifies a user when their account has been updated.
            </summary>
        </member>
        <member name="M:Jellyfin.Server.Implementations.Events.Consumers.Users.UserUpdatedNotifier.#ctor(MediaBrowser.Controller.Library.IUserManager,MediaBrowser.Controller.Session.ISessionManager)">
            <summary>
            Initializes a new instance of the <see cref="T:Jellyfin.Server.Implementations.Events.Consumers.Users.UserUpdatedNotifier"/> class.
            </summary>
            <param name="userManager">The user manager.</param>
            <param name="sessionManager">The session manager.</param>
        </member>
        <member name="M:Jellyfin.Server.Implementations.Events.Consumers.Users.UserUpdatedNotifier.OnEvent(Jellyfin.Data.Events.Users.UserUpdatedEventArgs)">
            <inheritdoc />
        </member>
        <member name="T:Jellyfin.Server.Implementations.Events.EventingServiceCollectionExtensions">
            <summary>
            A class containing extensions to <see cref="T:Microsoft.Extensions.DependencyInjection.IServiceCollection"/> for eventing.
            </summary>
        </member>
        <member name="M:Jellyfin.Server.Implementations.Events.EventingServiceCollectionExtensions.AddEventServices(Microsoft.Extensions.DependencyInjection.IServiceCollection)">
            <summary>
            Adds the event services to the service collection.
            </summary>
            <param name="collection">The service collection.</param>
        </member>
        <member name="T:Jellyfin.Server.Implementations.Events.EventManager">
            <summary>
            Handles the firing of events.
            </summary>
        </member>
        <member name="M:Jellyfin.Server.Implementations.Events.EventManager.#ctor(Microsoft.Extensions.Logging.ILogger{Jellyfin.Server.Implementations.Events.EventManager},MediaBrowser.Controller.IServerApplicationHost)">
            <summary>
            Initializes a new instance of the <see cref="T:Jellyfin.Server.Implementations.Events.EventManager"/> class.
            </summary>
            <param name="logger">The logger.</param>
            <param name="appHost">The application host.</param>
        </member>
        <member name="M:Jellyfin.Server.Implementations.Events.EventManager.Publish``1(``0)">
            <inheritdoc />
        </member>
        <member name="M:Jellyfin.Server.Implementations.Events.EventManager.PublishAsync``1(``0)">
            <inheritdoc />
        </member>
        <member name="T:Jellyfin.Server.Implementations.JellyfinDb">
            <inheritdoc/>
        </member>
        <member name="M:Jellyfin.Server.Implementations.JellyfinDb.#ctor(Microsoft.EntityFrameworkCore.DbContextOptions{Jellyfin.Server.Implementations.JellyfinDb})">
            <summary>
            Initializes a new instance of the <see cref="T:Jellyfin.Server.Implementations.JellyfinDb"/> class.
            </summary>
            <param name="options">The database context options.</param>
        </member>
        <member name="P:Jellyfin.Server.Implementations.JellyfinDb.ConnectionString">
            <summary>
            Gets or sets the default connection string.
            </summary>
        </member>
        <member name="M:Jellyfin.Server.Implementations.JellyfinDb.SaveChanges">
            <inheritdoc/>
        </member>
        <member name="M:Jellyfin.Server.Implementations.JellyfinDb.OnModelCreating(Microsoft.EntityFrameworkCore.ModelBuilder)">
            <inheritdoc />
        </member>
        <member name="T:Jellyfin.Server.Implementations.JellyfinDbProvider">
            <summary>
            Factory class for generating new <see cref="T:Jellyfin.Server.Implementations.JellyfinDb"/> instances.
            </summary>
        </member>
        <member name="M:Jellyfin.Server.Implementations.JellyfinDbProvider.#ctor(System.IServiceProvider,MediaBrowser.Common.Configuration.IApplicationPaths,Microsoft.Extensions.Logging.ILogger{Jellyfin.Server.Implementations.JellyfinDbProvider})">
            <summary>
            Initializes a new instance of the <see cref="T:Jellyfin.Server.Implementations.JellyfinDbProvider"/> class.
            </summary>
            <param name="serviceProvider">The application's service provider.</param>
            <param name="appPaths">The application paths.</param>
            <param name="logger">The logger.</param>
        </member>
        <member name="M:Jellyfin.Server.Implementations.JellyfinDbProvider.CreateContext">
            <summary>
            Creates a new <see cref="T:Jellyfin.Server.Implementations.JellyfinDb"/> context.
            </summary>
            <returns>The newly created context.</returns>
        </member>
        <member name="T:Jellyfin.Server.Implementations.Migrations.DesignTimeJellyfinDbFactory">
            <summary>
            The design time factory for <see cref="T:Jellyfin.Server.Implementations.JellyfinDb"/>.
            This is only used for the creation of migrations and not during runtime.
            </summary>
        </member>
        <member name="T:Jellyfin.Server.Implementations.ModelBuilderExtensions">
            <summary>
            Model builder extensions.
            </summary>
        </member>
        <member name="M:Jellyfin.Server.Implementations.ModelBuilderExtensions.UseValueConverterForType``1(Microsoft.EntityFrameworkCore.ModelBuilder,Microsoft.EntityFrameworkCore.Storage.ValueConversion.ValueConverter)">
            <summary>
            Specify value converter for the object type.
            </summary>
            <param name="modelBuilder">The model builder.</param>
            <param name="converter">The <see cref="T:Microsoft.EntityFrameworkCore.Storage.ValueConversion.ValueConverter`2"/>.</param>
            <typeparam name="T">The type to convert.</typeparam>
            <returns>The modified <see cref="T:Microsoft.EntityFrameworkCore.ModelBuilder"/>.</returns>
        </member>
        <member name="M:Jellyfin.Server.Implementations.ModelBuilderExtensions.SetDefaultDateTimeKind(Microsoft.EntityFrameworkCore.ModelBuilder,System.DateTimeKind)">
            <summary>
            Specify the default <see cref="T:System.DateTimeKind"/>.
            </summary>
            <param name="modelBuilder">The model builder to extend.</param>
            <param name="kind">The <see cref="T:System.DateTimeKind"/> to specify.</param>
        </member>
        <member name="T:Jellyfin.Server.Implementations.ModelConfiguration.ActivityLogConfiguration">
            <summary>
            FluentAPI configuration for the ActivityLog entity.
            </summary>
        </member>
        <member name="M:Jellyfin.Server.Implementations.ModelConfiguration.ActivityLogConfiguration.Configure(Microsoft.EntityFrameworkCore.Metadata.Builders.EntityTypeBuilder{Jellyfin.Data.Entities.ActivityLog})">
            <inheritdoc/>
        </member>
        <member name="T:Jellyfin.Server.Implementations.ModelConfiguration.ApiKeyConfiguration">
            <summary>
            FluentAPI configuration for the ApiKey entity.
            </summary>
        </member>
        <member name="M:Jellyfin.Server.Implementations.ModelConfiguration.ApiKeyConfiguration.Configure(Microsoft.EntityFrameworkCore.Metadata.Builders.EntityTypeBuilder{Jellyfin.Data.Entities.Security.ApiKey})">
            <inheritdoc/>
        </member>
        <member name="T:Jellyfin.Server.Implementations.ModelConfiguration.CustomItemDisplayPreferencesConfiguration">
            <summary>
            FluentAPI configuration for the CustomItemDisplayPreferences entity.
            </summary>
        </member>
        <member name="M:Jellyfin.Server.Implementations.ModelConfiguration.CustomItemDisplayPreferencesConfiguration.Configure(Microsoft.EntityFrameworkCore.Metadata.Builders.EntityTypeBuilder{Jellyfin.Data.Entities.CustomItemDisplayPreferences})">
            <inheritdoc/>
        </member>
        <member name="T:Jellyfin.Server.Implementations.ModelConfiguration.DeviceConfiguration">
            <summary>
            FluentAPI configuration for the Device entity.
            </summary>
        </member>
        <member name="M:Jellyfin.Server.Implementations.ModelConfiguration.DeviceConfiguration.Configure(Microsoft.EntityFrameworkCore.Metadata.Builders.EntityTypeBuilder{Jellyfin.Data.Entities.Security.Device})">
            <inheritdoc/>
        </member>
        <member name="T:Jellyfin.Server.Implementations.ModelConfiguration.DeviceOptionsConfiguration">
            <summary>
            FluentAPI configuration for the DeviceOptions entity.
            </summary>
        </member>
        <member name="M:Jellyfin.Server.Implementations.ModelConfiguration.DeviceOptionsConfiguration.Configure(Microsoft.EntityFrameworkCore.Metadata.Builders.EntityTypeBuilder{Jellyfin.Data.Entities.Security.DeviceOptions})">
            <inheritdoc/>
        </member>
        <member name="T:Jellyfin.Server.Implementations.ModelConfiguration.DisplayPreferencesConfiguration">
            <summary>
            FluentAPI configuration for the DisplayPreferencesConfiguration entity.
            </summary>
        </member>
        <member name="M:Jellyfin.Server.Implementations.ModelConfiguration.DisplayPreferencesConfiguration.Configure(Microsoft.EntityFrameworkCore.Metadata.Builders.EntityTypeBuilder{Jellyfin.Data.Entities.DisplayPreferences})">
            <inheritdoc/>
        </member>
        <member name="T:Jellyfin.Server.Implementations.ModelConfiguration.PermissionConfiguration">
            <summary>
            FluentAPI configuration for the Permission entity.
            </summary>
        </member>
        <member name="M:Jellyfin.Server.Implementations.ModelConfiguration.PermissionConfiguration.Configure(Microsoft.EntityFrameworkCore.Metadata.Builders.EntityTypeBuilder{Jellyfin.Data.Entities.Permission})">
            <inheritdoc/>
        </member>
        <member name="T:Jellyfin.Server.Implementations.ModelConfiguration.PreferenceConfiguration">
            <summary>
            FluentAPI configuration for the Permission entity.
            </summary>
        </member>
        <member name="M:Jellyfin.Server.Implementations.ModelConfiguration.PreferenceConfiguration.Configure(Microsoft.EntityFrameworkCore.Metadata.Builders.EntityTypeBuilder{Jellyfin.Data.Entities.Preference})">
            <inheritdoc/>
        </member>
        <member name="T:Jellyfin.Server.Implementations.ModelConfiguration.UserConfiguration">
            <summary>
            FluentAPI configuration for the User entity.
            </summary>
        </member>
        <member name="M:Jellyfin.Server.Implementations.ModelConfiguration.UserConfiguration.Configure(Microsoft.EntityFrameworkCore.Metadata.Builders.EntityTypeBuilder{Jellyfin.Data.Entities.User})">
            <inheritdoc/>
        </member>
        <member name="T:Jellyfin.Server.Implementations.Security.AuthenticationManager">
            <inheritdoc />
        </member>
        <member name="M:Jellyfin.Server.Implementations.Security.AuthenticationManager.#ctor(Jellyfin.Server.Implementations.JellyfinDbProvider)">
            <summary>
            Initializes a new instance of the <see cref="T:Jellyfin.Server.Implementations.Security.AuthenticationManager"/> class.
            </summary>
            <param name="dbProvider">The database provider.</param>
        </member>
        <member name="M:Jellyfin.Server.Implementations.Security.AuthenticationManager.CreateApiKey(System.String)">
            <inheritdoc />
        </member>
        <member name="M:Jellyfin.Server.Implementations.Security.AuthenticationManager.GetApiKeys">
            <inheritdoc />
        </member>
        <member name="M:Jellyfin.Server.Implementations.Security.AuthenticationManager.DeleteApiKey(System.String)">
            <inheritdoc />
        </member>
        <member name="M:Jellyfin.Server.Implementations.Security.AuthorizationContext.GetAuthorization(Microsoft.AspNetCore.Http.HttpContext)">
            <summary>
            Gets the authorization.
            </summary>
            <param name="httpReq">The HTTP req.</param>
            <returns>Dictionary{System.StringSystem.String}.</returns>
        </member>
        <member name="M:Jellyfin.Server.Implementations.Security.AuthorizationContext.GetAuthorizationDictionary(Microsoft.AspNetCore.Http.HttpContext)">
            <summary>
            Gets the auth.
            </summary>
            <param name="httpReq">The HTTP req.</param>
            <returns>Dictionary{System.StringSystem.String}.</returns>
        </member>
        <member name="M:Jellyfin.Server.Implementations.Security.AuthorizationContext.GetAuthorizationDictionary(Microsoft.AspNetCore.Http.HttpRequest)">
            <summary>
            Gets the auth.
            </summary>
            <param name="httpReq">The HTTP req.</param>
            <returns>Dictionary{System.StringSystem.String}.</returns>
        </member>
        <member name="M:Jellyfin.Server.Implementations.Security.AuthorizationContext.GetAuthorization(System.ReadOnlySpan{System.Char})">
            <summary>
            Gets the authorization.
            </summary>
            <param name="authorizationHeader">The authorization header.</param>
            <returns>Dictionary{System.StringSystem.String}.</returns>
        </member>
        <member name="M:Jellyfin.Server.Implementations.Security.AuthorizationContext.GetParts(System.ReadOnlySpan{System.Char})">
            <summary>
            Get the authorization header components.
            </summary>
            <param name="authorizationHeader">The authorization header.</param>
            <returns>Dictionary{System.StringSystem.String}.</returns>
        </member>
        <member name="T:Jellyfin.Server.Implementations.Users.DefaultAuthenticationProvider">
            <summary>
            The default authentication provider.
            </summary>
        </member>
        <member name="M:Jellyfin.Server.Implementations.Users.DefaultAuthenticationProvider.#ctor(MediaBrowser.Model.Cryptography.ICryptoProvider)">
            <summary>
            Initializes a new instance of the <see cref="T:Jellyfin.Server.Implementations.Users.DefaultAuthenticationProvider"/> class.
            </summary>
            <param name="cryptographyProvider">The cryptography provider.</param>
        </member>
        <member name="P:Jellyfin.Server.Implementations.Users.DefaultAuthenticationProvider.Name">
            <inheritdoc />
        </member>
        <member name="P:Jellyfin.Server.Implementations.Users.DefaultAuthenticationProvider.IsEnabled">
            <inheritdoc />
        </member>
        <member name="M:Jellyfin.Server.Implementations.Users.DefaultAuthenticationProvider.Authenticate(System.String,System.String)">
            <inheritdoc />
        </member>
        <member name="M:Jellyfin.Server.Implementations.Users.DefaultAuthenticationProvider.Authenticate(System.String,System.String,Jellyfin.Data.Entities.User)">
            <inheritdoc />
        </member>
        <member name="M:Jellyfin.Server.Implementations.Users.DefaultAuthenticationProvider.HasPassword(Jellyfin.Data.Entities.User)">
            <inheritdoc />
        </member>
        <member name="M:Jellyfin.Server.Implementations.Users.DefaultAuthenticationProvider.ChangePassword(Jellyfin.Data.Entities.User,System.String)">
            <inheritdoc />
        </member>
        <member name="T:Jellyfin.Server.Implementations.Users.DefaultPasswordResetProvider">
            <summary>
            The default password reset provider.
            </summary>
        </member>
        <member name="M:Jellyfin.Server.Implementations.Users.DefaultPasswordResetProvider.#ctor(MediaBrowser.Controller.Configuration.IServerConfigurationManager,MediaBrowser.Common.IApplicationHost)">
            <summary>
            Initializes a new instance of the <see cref="T:Jellyfin.Server.Implementations.Users.DefaultPasswordResetProvider"/> class.
            </summary>
            <param name="configurationManager">The configuration manager.</param>
            <param name="appHost">The application host.</param>
        </member>
        <member name="P:Jellyfin.Server.Implementations.Users.DefaultPasswordResetProvider.Name">
            <inheritdoc />
        </member>
        <member name="P:Jellyfin.Server.Implementations.Users.DefaultPasswordResetProvider.IsEnabled">
            <inheritdoc />
        </member>
        <member name="M:Jellyfin.Server.Implementations.Users.DefaultPasswordResetProvider.RedeemPasswordResetPin(System.String)">
            <inheritdoc />
        </member>
        <member name="M:Jellyfin.Server.Implementations.Users.DefaultPasswordResetProvider.StartForgotPasswordProcess(Jellyfin.Data.Entities.User,System.Boolean)">
            <inheritdoc />
        </member>
        <member name="T:Jellyfin.Server.Implementations.Users.DisplayPreferencesManager">
            <summary>
            Manages the storage and retrieval of display preferences through Entity Framework.
            </summary>
        </member>
        <member name="M:Jellyfin.Server.Implementations.Users.DisplayPreferencesManager.#ctor(Jellyfin.Server.Implementations.JellyfinDb)">
            <summary>
            Initializes a new instance of the <see cref="T:Jellyfin.Server.Implementations.Users.DisplayPreferencesManager"/> class.
            </summary>
            <param name="dbContext">The database context.</param>
        </member>
        <member name="M:Jellyfin.Server.Implementations.Users.DisplayPreferencesManager.GetDisplayPreferences(System.Guid,System.Guid,System.String)">
            <inheritdoc />
        </member>
        <member name="M:Jellyfin.Server.Implementations.Users.DisplayPreferencesManager.GetItemDisplayPreferences(System.Guid,System.Guid,System.String)">
            <inheritdoc />
        </member>
        <member name="M:Jellyfin.Server.Implementations.Users.DisplayPreferencesManager.ListItemDisplayPreferences(System.Guid,System.String)">
            <inheritdoc />
        </member>
        <member name="M:Jellyfin.Server.Implementations.Users.DisplayPreferencesManager.ListCustomItemDisplayPreferences(System.Guid,System.Guid,System.String)">
            <inheritdoc />
        </member>
        <member name="M:Jellyfin.Server.Implementations.Users.DisplayPreferencesManager.SetCustomItemDisplayPreferences(System.Guid,System.Guid,System.String,System.Collections.Generic.Dictionary{System.String,System.String})">
            <inheritdoc />
        </member>
        <member name="M:Jellyfin.Server.Implementations.Users.DisplayPreferencesManager.SaveChanges">
            <inheritdoc />
        </member>
        <member name="T:Jellyfin.Server.Implementations.Users.InvalidAuthProvider">
            <summary>
            An invalid authentication provider.
            </summary>
        </member>
        <member name="P:Jellyfin.Server.Implementations.Users.InvalidAuthProvider.Name">
            <inheritdoc />
        </member>
        <member name="P:Jellyfin.Server.Implementations.Users.InvalidAuthProvider.IsEnabled">
            <inheritdoc />
        </member>
        <member name="M:Jellyfin.Server.Implementations.Users.InvalidAuthProvider.Authenticate(System.String,System.String)">
            <inheritdoc />
        </member>
        <member name="M:Jellyfin.Server.Implementations.Users.InvalidAuthProvider.HasPassword(Jellyfin.Data.Entities.User)">
            <inheritdoc />
        </member>
        <member name="M:Jellyfin.Server.Implementations.Users.InvalidAuthProvider.ChangePassword(Jellyfin.Data.Entities.User,System.String)">
            <inheritdoc />
        </member>
        <member name="T:Jellyfin.Server.Implementations.Users.UserManager">
            <summary>
            Manages the creation and retrieval of <see cref="T:Jellyfin.Data.Entities.User"/> instances.
            </summary>
        </member>
        <member name="M:Jellyfin.Server.Implementations.Users.UserManager.#ctor(Jellyfin.Server.Implementations.JellyfinDbProvider,MediaBrowser.Controller.Events.IEventManager,MediaBrowser.Model.Cryptography.ICryptoProvider,MediaBrowser.Common.Net.INetworkManager,MediaBrowser.Common.IApplicationHost,MediaBrowser.Controller.Drawing.IImageProcessor,Microsoft.Extensions.Logging.ILogger{Jellyfin.Server.Implementations.Users.UserManager})">
            <summary>
            Initializes a new instance of the <see cref="T:Jellyfin.Server.Implementations.Users.UserManager"/> class.
            </summary>
            <param name="dbProvider">The database provider.</param>
            <param name="eventManager">The event manager.</param>
            <param name="cryptoProvider">The cryptography provider.</param>
            <param name="networkManager">The network manager.</param>
            <param name="appHost">The application host.</param>
            <param name="imageProcessor">The image processor.</param>
            <param name="logger">The logger.</param>
        </member>
        <member name="E:Jellyfin.Server.Implementations.Users.UserManager.OnUserUpdated">
            <inheritdoc/>
        </member>
        <member name="P:Jellyfin.Server.Implementations.Users.UserManager.Users">
            <inheritdoc/>
        </member>
        <member name="P:Jellyfin.Server.Implementations.Users.UserManager.UsersIds">
            <inheritdoc/>
        </member>
        <member name="M:Jellyfin.Server.Implementations.Users.UserManager.GetUserById(System.Guid)">
            <inheritdoc/>
        </member>
        <member name="M:Jellyfin.Server.Implementations.Users.UserManager.GetUserByName(System.String)">
            <inheritdoc/>
        </member>
        <member name="M:Jellyfin.Server.Implementations.Users.UserManager.RenameUser(Jellyfin.Data.Entities.User,System.String)">
            <inheritdoc/>
        </member>
        <member name="M:Jellyfin.Server.Implementations.Users.UserManager.UpdateUserAsync(Jellyfin.Data.Entities.User)">
            <inheritdoc/>
        </member>
        <member name="M:Jellyfin.Server.Implementations.Users.UserManager.CreateUserAsync(System.String)">
            <inheritdoc/>
        </member>
        <member name="M:Jellyfin.Server.Implementations.Users.UserManager.DeleteUserAsync(System.Guid)">
            <inheritdoc/>
        </member>
        <member name="M:Jellyfin.Server.Implementations.Users.UserManager.ResetPassword(Jellyfin.Data.Entities.User)">
            <inheritdoc/>
        </member>
        <member name="M:Jellyfin.Server.Implementations.Users.UserManager.ResetEasyPassword(Jellyfin.Data.Entities.User)">
            <inheritdoc/>
        </member>
        <member name="M:Jellyfin.Server.Implementations.Users.UserManager.ChangePassword(Jellyfin.Data.Entities.User,System.String)">
            <inheritdoc/>
        </member>
        <member name="M:Jellyfin.Server.Implementations.Users.UserManager.ChangeEasyPassword(Jellyfin.Data.Entities.User,System.String,System.String)">
            <inheritdoc/>
        </member>
        <member name="M:Jellyfin.Server.Implementations.Users.UserManager.GetUserDto(Jellyfin.Data.Entities.User,System.String)">
            <inheritdoc/>
        </member>
        <member name="M:Jellyfin.Server.Implementations.Users.UserManager.AuthenticateUser(System.String,System.String,System.String,System.String,System.Boolean)">
            <inheritdoc/>
        </member>
        <member name="M:Jellyfin.Server.Implementations.Users.UserManager.StartForgotPasswordProcess(System.String,System.Boolean)">
            <inheritdoc/>
        </member>
        <member name="M:Jellyfin.Server.Implementations.Users.UserManager.RedeemPasswordResetPin(System.String)">
            <inheritdoc/>
        </member>
        <member name="M:Jellyfin.Server.Implementations.Users.UserManager.InitializeAsync">
            <inheritdoc />
        </member>
        <member name="M:Jellyfin.Server.Implementations.Users.UserManager.GetAuthenticationProviders">
            <inheritdoc/>
        </member>
        <member name="M:Jellyfin.Server.Implementations.Users.UserManager.GetPasswordResetProviders">
            <inheritdoc/>
        </member>
        <member name="M:Jellyfin.Server.Implementations.Users.UserManager.UpdateConfigurationAsync(System.Guid,MediaBrowser.Model.Configuration.UserConfiguration)">
            <inheritdoc/>
        </member>
        <member name="M:Jellyfin.Server.Implementations.Users.UserManager.UpdatePolicyAsync(System.Guid,MediaBrowser.Model.Users.UserPolicy)">
            <inheritdoc/>
        </member>
        <member name="M:Jellyfin.Server.Implementations.Users.UserManager.ClearProfileImageAsync(Jellyfin.Data.Entities.User)">
            <inheritdoc/>
        </member>
        <member name="T:Jellyfin.Server.Implementations.ValueConverters.DateTimeKindValueConverter">
            <summary>
            ValueConverter to specify kind.
            </summary>
        </member>
        <member name="M:Jellyfin.Server.Implementations.ValueConverters.DateTimeKindValueConverter.#ctor(System.DateTimeKind,Microsoft.EntityFrameworkCore.Storage.ValueConversion.ConverterMappingHints)">
            <summary>
            Initializes a new instance of the <see cref="T:Jellyfin.Server.Implementations.ValueConverters.DateTimeKindValueConverter"/> class.
            </summary>
            <param name="kind">The kind to specify.</param>
            <param name="mappingHints">The mapping hints.</param>
        </member>
    </members>
</doc>
