<?xml version="1.0"?>
<doc>
    <assembly>
        <name>MediaBrowser.MediaEncoding</name>
    </assembly>
    <members>
        <member name="M:MediaBrowser.MediaEncoding.Attachments.AttachmentExtractor.GetAttachment(MediaBrowser.Controller.Entities.BaseItem,System.String,System.Int32,System.Threading.CancellationToken)">
            <inheritdoc />
        </member>
        <member name="M:MediaBrowser.MediaEncoding.Attachments.AttachmentExtractor.Dispose">
            <inheritdoc />
        </member>
        <member name="M:MediaBrowser.MediaEncoding.Attachments.AttachmentExtractor.Dispose(System.Boolean)">
            <summary>
            Releases unmanaged and - optionally - managed resources.
            </summary>
            <param name="disposing"><c>true</c> to release both managed and unmanaged resources; <c>false</c> to release only unmanaged resources.</param>
        </member>
        <member name="T:MediaBrowser.MediaEncoding.BdInfo.BdInfoExaminer">
            <summary>
            Class BdInfoExaminer.
            </summary>
        </member>
        <member name="M:MediaBrowser.MediaEncoding.BdInfo.BdInfoExaminer.#ctor(MediaBrowser.Model.IO.IFileSystem)">
            <summary>
            Initializes a new instance of the <see cref="T:MediaBrowser.MediaEncoding.BdInfo.BdInfoExaminer" /> class.
            </summary>
            <param name="fileSystem">The filesystem.</param>
        </member>
        <member name="M:MediaBrowser.MediaEncoding.BdInfo.BdInfoExaminer.GetDiscInfo(System.String)">
            <summary>
            Gets the disc info.
            </summary>
            <param name="path">The path.</param>
            <returns>BlurayDiscInfo.</returns>
        </member>
        <member name="M:MediaBrowser.MediaEncoding.BdInfo.BdInfoExaminer.AddVideoStream(System.Collections.Generic.List{MediaBrowser.Model.Entities.MediaStream},BDInfo.TSVideoStream)">
            <summary>
            Adds the video stream.
            </summary>
            <param name="streams">The streams.</param>
            <param name="videoStream">The video stream.</param>
        </member>
        <member name="M:MediaBrowser.MediaEncoding.BdInfo.BdInfoExaminer.AddAudioStream(System.Collections.Generic.List{MediaBrowser.Model.Entities.MediaStream},BDInfo.TSAudioStream)">
            <summary>
            Adds the audio stream.
            </summary>
            <param name="streams">The streams.</param>
            <param name="audioStream">The audio stream.</param>
        </member>
        <member name="M:MediaBrowser.MediaEncoding.BdInfo.BdInfoExaminer.AddSubtitleStream(System.Collections.Generic.List{MediaBrowser.Model.Entities.MediaStream},BDInfo.TSTextStream)">
            <summary>
            Adds the subtitle stream.
            </summary>
            <param name="streams">The streams.</param>
            <param name="textStream">The text stream.</param>
        </member>
        <member name="M:MediaBrowser.MediaEncoding.BdInfo.BdInfoExaminer.AddSubtitleStream(System.Collections.Generic.List{MediaBrowser.Model.Entities.MediaStream},BDInfo.TSGraphicsStream)">
            <summary>
            Adds the subtitle stream.
            </summary>
            <param name="streams">The streams.</param>
            <param name="textStream">The text stream.</param>
        </member>
        <member name="M:MediaBrowser.MediaEncoding.Encoder.EncoderValidator.GetFFmpegVersionInternal(System.String)">
            <summary>
            Using the output from "ffmpeg -version" work out the FFmpeg version.
            For pre-built binaries the first line should contain a string like "ffmpeg version x.y", which is easy
            to parse. If this is not available, then we try to match known library versions to FFmpeg versions.
            If that fails then we test the libraries to determine if they're newer than our minimum versions.
            </summary>
            <param name="output">The output from "ffmpeg -version".</param>
            <returns>The FFmpeg version.</returns>
        </member>
        <member name="M:MediaBrowser.MediaEncoding.Encoder.EncoderValidator.GetFFmpegLibraryVersions(System.String)">
            <summary>
            Grabs the library names and major.minor version numbers from the 'ffmpeg -version' output
            and condenses them on to one line.  Output format is "name1=major.minor,name2=major.minor,etc.".
            </summary>
            <param name="output">The 'ffmpeg -version' output.</param>
            <returns>The library names and major.minor version numbers.</returns>
        </member>
        <member name="M:MediaBrowser.MediaEncoding.Encoder.EncodingUtils.GetConcatInputArgument(System.String,System.String)">
            <summary>
            Gets the concat input argument.
            </summary>
            <param name="inputFile">The input file.</param>
            <param name="inputPrefix">The input prefix.</param>
            <returns>System.String.</returns>
        </member>
        <member name="M:MediaBrowser.MediaEncoding.Encoder.EncodingUtils.GetFileInputArgument(System.String,System.String)">
            <summary>
            Gets the file input argument.
            </summary>
            <param name="path">The path.</param>
            <param name="inputPrefix">The path prefix.</param>
            <returns>System.String.</returns>
        </member>
        <member name="M:MediaBrowser.MediaEncoding.Encoder.EncodingUtils.NormalizePath(System.String)">
            <summary>
            Normalizes the path.
            </summary>
            <param name="path">The path.</param>
            <returns>System.String.</returns>
        </member>
        <member name="T:MediaBrowser.MediaEncoding.Encoder.MediaEncoder">
            <summary>
            Class MediaEncoder.
            </summary>
        </member>
        <member name="F:MediaBrowser.MediaEncoding.Encoder.MediaEncoder.DefaultSdrImageExtractionTimeout">
            <summary>
            The default SDR image extraction timeout in milliseconds.
            </summary>
        </member>
        <member name="F:MediaBrowser.MediaEncoding.Encoder.MediaEncoder.DefaultHdrImageExtractionTimeout">
            <summary>
            The default HDR image extraction timeout in milliseconds.
            </summary>
        </member>
        <member name="P:MediaBrowser.MediaEncoding.Encoder.MediaEncoder.EncoderPath">
            <inheritdoc />
        </member>
        <member name="P:MediaBrowser.MediaEncoding.Encoder.MediaEncoder.ProbePath">
            <inheritdoc />
        </member>
        <member name="M:MediaBrowser.MediaEncoding.Encoder.MediaEncoder.SetFFmpegPath">
            <summary>
            Run at startup or if the user removes a Custom path from transcode page.
            Sets global variables FFmpegPath.
            Precedence is: Config > CLI > $PATH.
            </summary>
        </member>
        <member name="M:MediaBrowser.MediaEncoding.Encoder.MediaEncoder.UpdateEncoderPath(System.String,System.String)">
            <summary>
            Triggered from the Settings > Transcoding UI page when users submits Custom FFmpeg path to use.
            Only write the new path to xml if it exists.  Do not perform validation checks on ffmpeg here.
            </summary>
            <param name="path">The path.</param>
            <param name="pathType">The path type.</param>
        </member>
        <member name="M:MediaBrowser.MediaEncoding.Encoder.MediaEncoder.ValidatePath(System.String)">
            <summary>
            Validates the supplied FQPN to ensure it is a ffmpeg utility.
            If checks pass, global variable FFmpegPath is updated.
            </summary>
            <param name="path">FQPN to test.</param>
            <returns><c>true</c> if the version validation succeeded; otherwise, <c>false</c>.</returns>
        </member>
        <member name="M:MediaBrowser.MediaEncoding.Encoder.MediaEncoder.GetMediaInfo(MediaBrowser.Controller.MediaEncoding.MediaInfoRequest,System.Threading.CancellationToken)">
            <summary>
            Gets the media info.
            </summary>
            <param name="request">The request.</param>
            <param name="cancellationToken">The cancellation token.</param>
            <returns>Task.</returns>
        </member>
        <member name="M:MediaBrowser.MediaEncoding.Encoder.MediaEncoder.GetInputArgument(System.String,MediaBrowser.Model.Dto.MediaSourceInfo)">
            <summary>
            Gets the input argument.
            </summary>
            <param name="inputFile">The input file.</param>
            <param name="mediaSource">The mediaSource.</param>
            <returns>System.String.</returns>
            <exception cref="T:System.ArgumentException">Unrecognized InputType.</exception>
        </member>
        <member name="M:MediaBrowser.MediaEncoding.Encoder.MediaEncoder.GetExternalSubtitleInputArgument(System.String)">
            <summary>
            Gets the input argument for an external subtitle file.
            </summary>
            <param name="inputFile">The input file.</param>
            <returns>System.String.</returns>
            <exception cref="T:System.ArgumentException">Unrecognized InputType.</exception>
        </member>
        <member name="M:MediaBrowser.MediaEncoding.Encoder.MediaEncoder.GetMediaInfoInternal(System.String,System.String,MediaBrowser.Model.MediaInfo.MediaProtocol,System.Boolean,System.String,System.Boolean,System.Nullable{MediaBrowser.Model.Entities.VideoType},System.Boolean,System.Threading.CancellationToken)">
            <summary>
            Gets the media info internal.
            </summary>
            <returns>Task{MediaInfoResult}.</returns>
        </member>
        <member name="M:MediaBrowser.MediaEncoding.Encoder.MediaEncoder.Dispose">
            <inheritdoc />
        </member>
        <member name="M:MediaBrowser.MediaEncoding.Encoder.MediaEncoder.Dispose(System.Boolean)">
            <summary>
            Releases unmanaged and - optionally - managed resources.
            </summary>
            <param name="dispose"><c>true</c> to release both managed and unmanaged resources; <c>false</c> to release only unmanaged resources.</param>
        </member>
        <member name="M:MediaBrowser.MediaEncoding.Encoder.MediaEncoder.ConvertImage(System.String,System.String)">
            <inheritdoc />
        </member>
        <member name="M:MediaBrowser.MediaEncoding.Encoder.MediaEncoder.GetPrimaryPlaylistVobFiles(System.String,System.Nullable{System.UInt32})">
            <inheritdoc />
        </member>
        <member name="T:MediaBrowser.MediaEncoding.Probing.FFProbeHelpers">
            <summary>
            Class containing helper methods for working with FFprobe output.
            </summary>
        </member>
        <member name="M:MediaBrowser.MediaEncoding.Probing.FFProbeHelpers.NormalizeFFProbeResult(MediaBrowser.MediaEncoding.Probing.InternalMediaInfoResult)">
            <summary>
            Normalizes the FF probe result.
            </summary>
            <param name="result">The result.</param>
        </member>
        <member name="M:MediaBrowser.MediaEncoding.Probing.FFProbeHelpers.GetDictionaryNumericValue(System.Collections.Generic.IReadOnlyDictionary{System.String,System.String},System.String)">
            <summary>
            Gets an int from an FFProbeResult tags dictionary.
            </summary>
            <param name="tags">The tags.</param>
            <param name="key">The key.</param>
            <returns>System.Nullable{System.Int32}.</returns>
        </member>
        <member name="M:MediaBrowser.MediaEncoding.Probing.FFProbeHelpers.GetDictionaryDateTime(System.Collections.Generic.IReadOnlyDictionary{System.String,System.String},System.String)">
            <summary>
            Gets a DateTime from an FFProbeResult tags dictionary.
            </summary>
            <param name="tags">The tags.</param>
            <param name="key">The key.</param>
            <returns>System.Nullable{DateTime}.</returns>
        </member>
        <member name="M:MediaBrowser.MediaEncoding.Probing.FFProbeHelpers.ConvertDictionaryToCaseInsensitive(System.Collections.Generic.IReadOnlyDictionary{System.String,System.String})">
            <summary>
            Converts a dictionary to case insensitive.
            </summary>
            <param name="dict">The dict.</param>
            <returns>Dictionary{System.StringSystem.String}.</returns>
        </member>
        <member name="T:MediaBrowser.MediaEncoding.Probing.InternalMediaInfoResult">
            <summary>
            Class MediaInfoResult.
            </summary>
        </member>
        <member name="P:MediaBrowser.MediaEncoding.Probing.InternalMediaInfoResult.Streams">
            <summary>
            Gets or sets the streams.
            </summary>
            <value>The streams.</value>
        </member>
        <member name="P:MediaBrowser.MediaEncoding.Probing.InternalMediaInfoResult.Format">
            <summary>
            Gets or sets the format.
            </summary>
            <value>The format.</value>
        </member>
        <member name="P:MediaBrowser.MediaEncoding.Probing.InternalMediaInfoResult.Chapters">
            <summary>
            Gets or sets the chapters.
            </summary>
            <value>The chapters.</value>
        </member>
        <member name="T:MediaBrowser.MediaEncoding.Probing.MediaChapter">
            <summary>
            Class MediaChapter.
            </summary>
        </member>
        <member name="T:MediaBrowser.MediaEncoding.Probing.MediaFormatInfo">
            <summary>
            Class MediaFormat.
            </summary>
        </member>
        <member name="P:MediaBrowser.MediaEncoding.Probing.MediaFormatInfo.FileName">
            <summary>
            Gets or sets the filename.
            </summary>
            <value>The filename.</value>
        </member>
        <member name="P:MediaBrowser.MediaEncoding.Probing.MediaFormatInfo.NbStreams">
            <summary>
            Gets or sets the nb_streams.
            </summary>
            <value>The nb_streams.</value>
        </member>
        <member name="P:MediaBrowser.MediaEncoding.Probing.MediaFormatInfo.FormatName">
            <summary>
            Gets or sets the format_name.
            </summary>
            <value>The format_name.</value>
        </member>
        <member name="P:MediaBrowser.MediaEncoding.Probing.MediaFormatInfo.FormatLongName">
            <summary>
            Gets or sets the format_long_name.
            </summary>
            <value>The format_long_name.</value>
        </member>
        <member name="P:MediaBrowser.MediaEncoding.Probing.MediaFormatInfo.StartTime">
            <summary>
            Gets or sets the start_time.
            </summary>
            <value>The start_time.</value>
        </member>
        <member name="P:MediaBrowser.MediaEncoding.Probing.MediaFormatInfo.Duration">
            <summary>
            Gets or sets the duration.
            </summary>
            <value>The duration.</value>
        </member>
        <member name="P:MediaBrowser.MediaEncoding.Probing.MediaFormatInfo.Size">
            <summary>
            Gets or sets the size.
            </summary>
            <value>The size.</value>
        </member>
        <member name="P:MediaBrowser.MediaEncoding.Probing.MediaFormatInfo.BitRate">
            <summary>
            Gets or sets the bit_rate.
            </summary>
            <value>The bit_rate.</value>
        </member>
        <member name="P:MediaBrowser.MediaEncoding.Probing.MediaFormatInfo.ProbeScore">
            <summary>
            Gets or sets the probe_score.
            </summary>
            <value>The probe_score.</value>
        </member>
        <member name="P:MediaBrowser.MediaEncoding.Probing.MediaFormatInfo.Tags">
            <summary>
            Gets or sets the tags.
            </summary>
            <value>The tags.</value>
        </member>
        <member name="T:MediaBrowser.MediaEncoding.Probing.MediaStreamInfo">
            <summary>
            Represents a stream within the output.
            </summary>
        </member>
        <member name="P:MediaBrowser.MediaEncoding.Probing.MediaStreamInfo.Index">
            <summary>
            Gets or sets the index.
            </summary>
            <value>The index.</value>
        </member>
        <member name="P:MediaBrowser.MediaEncoding.Probing.MediaStreamInfo.Profile">
            <summary>
            Gets or sets the profile.
            </summary>
            <value>The profile.</value>
        </member>
        <member name="P:MediaBrowser.MediaEncoding.Probing.MediaStreamInfo.CodecName">
            <summary>
            Gets or sets the codec_name.
            </summary>
            <value>The codec_name.</value>
        </member>
        <member name="P:MediaBrowser.MediaEncoding.Probing.MediaStreamInfo.CodecLongName">
            <summary>
            Gets or sets the codec_long_name.
            </summary>
            <value>The codec_long_name.</value>
        </member>
        <member name="P:MediaBrowser.MediaEncoding.Probing.MediaStreamInfo.CodecType">
            <summary>
            Gets or sets the codec_type.
            </summary>
            <value>The codec_type.</value>
        </member>
        <member name="P:MediaBrowser.MediaEncoding.Probing.MediaStreamInfo.SampleRate">
            <summary>
            Gets or sets the sample_rate.
            </summary>
            <value>The sample_rate.</value>
        </member>
        <member name="P:MediaBrowser.MediaEncoding.Probing.MediaStreamInfo.Channels">
            <summary>
            Gets or sets the channels.
            </summary>
            <value>The channels.</value>
        </member>
        <member name="P:MediaBrowser.MediaEncoding.Probing.MediaStreamInfo.ChannelLayout">
            <summary>
            Gets or sets the channel_layout.
            </summary>
            <value>The channel_layout.</value>
        </member>
        <member name="P:MediaBrowser.MediaEncoding.Probing.MediaStreamInfo.AverageFrameRate">
            <summary>
            Gets or sets the avg_frame_rate.
            </summary>
            <value>The avg_frame_rate.</value>
        </member>
        <member name="P:MediaBrowser.MediaEncoding.Probing.MediaStreamInfo.Duration">
            <summary>
            Gets or sets the duration.
            </summary>
            <value>The duration.</value>
        </member>
        <member name="P:MediaBrowser.MediaEncoding.Probing.MediaStreamInfo.BitRate">
            <summary>
            Gets or sets the bit_rate.
            </summary>
            <value>The bit_rate.</value>
        </member>
        <member name="P:MediaBrowser.MediaEncoding.Probing.MediaStreamInfo.Width">
            <summary>
            Gets or sets the width.
            </summary>
            <value>The width.</value>
        </member>
        <member name="P:MediaBrowser.MediaEncoding.Probing.MediaStreamInfo.Refs">
            <summary>
            Gets or sets the refs.
            </summary>
            <value>The refs.</value>
        </member>
        <member name="P:MediaBrowser.MediaEncoding.Probing.MediaStreamInfo.Height">
            <summary>
            Gets or sets the height.
            </summary>
            <value>The height.</value>
        </member>
        <member name="P:MediaBrowser.MediaEncoding.Probing.MediaStreamInfo.DisplayAspectRatio">
            <summary>
            Gets or sets the display_aspect_ratio.
            </summary>
            <value>The display_aspect_ratio.</value>
        </member>
        <member name="P:MediaBrowser.MediaEncoding.Probing.MediaStreamInfo.Tags">
            <summary>
            Gets or sets the tags.
            </summary>
            <value>The tags.</value>
        </member>
        <member name="P:MediaBrowser.MediaEncoding.Probing.MediaStreamInfo.BitsPerSample">
            <summary>
            Gets or sets the bits_per_sample.
            </summary>
            <value>The bits_per_sample.</value>
        </member>
        <member name="P:MediaBrowser.MediaEncoding.Probing.MediaStreamInfo.BitsPerRawSample">
            <summary>
            Gets or sets the bits_per_raw_sample.
            </summary>
            <value>The bits_per_raw_sample.</value>
        </member>
        <member name="P:MediaBrowser.MediaEncoding.Probing.MediaStreamInfo.RFrameRate">
            <summary>
            Gets or sets the r_frame_rate.
            </summary>
            <value>The r_frame_rate.</value>
        </member>
        <member name="P:MediaBrowser.MediaEncoding.Probing.MediaStreamInfo.HasBFrames">
            <summary>
            Gets or sets the has_b_frames.
            </summary>
            <value>The has_b_frames.</value>
        </member>
        <member name="P:MediaBrowser.MediaEncoding.Probing.MediaStreamInfo.SampleAspectRatio">
            <summary>
            Gets or sets the sample_aspect_ratio.
            </summary>
            <value>The sample_aspect_ratio.</value>
        </member>
        <member name="P:MediaBrowser.MediaEncoding.Probing.MediaStreamInfo.PixelFormat">
            <summary>
            Gets or sets the pix_fmt.
            </summary>
            <value>The pix_fmt.</value>
        </member>
        <member name="P:MediaBrowser.MediaEncoding.Probing.MediaStreamInfo.Level">
            <summary>
            Gets or sets the level.
            </summary>
            <value>The level.</value>
        </member>
        <member name="P:MediaBrowser.MediaEncoding.Probing.MediaStreamInfo.TimeBase">
            <summary>
            Gets or sets the time_base.
            </summary>
            <value>The time_base.</value>
        </member>
        <member name="P:MediaBrowser.MediaEncoding.Probing.MediaStreamInfo.StartTime">
            <summary>
            Gets or sets the start_time.
            </summary>
            <value>The start_time.</value>
        </member>
        <member name="P:MediaBrowser.MediaEncoding.Probing.MediaStreamInfo.CodecTimeBase">
            <summary>
            Gets or sets the codec_time_base.
            </summary>
            <value>The codec_time_base.</value>
        </member>
        <member name="P:MediaBrowser.MediaEncoding.Probing.MediaStreamInfo.CodecTag">
            <summary>
            Gets or sets the codec_tag.
            </summary>
            <value>The codec_tag.</value>
        </member>
        <member name="P:MediaBrowser.MediaEncoding.Probing.MediaStreamInfo.CodecTagString">
            <summary>
            Gets or sets the codec_tag_string.
            </summary>
            <value>The codec_tag_string.</value>
        </member>
        <member name="P:MediaBrowser.MediaEncoding.Probing.MediaStreamInfo.SampleFmt">
            <summary>
            Gets or sets the sample_fmt.
            </summary>
            <value>The sample_fmt.</value>
        </member>
        <member name="P:MediaBrowser.MediaEncoding.Probing.MediaStreamInfo.DmixMode">
            <summary>
            Gets or sets the dmix_mode.
            </summary>
            <value>The dmix_mode.</value>
        </member>
        <member name="P:MediaBrowser.MediaEncoding.Probing.MediaStreamInfo.StartPts">
            <summary>
            Gets or sets the start_pts.
            </summary>
            <value>The start_pts.</value>
        </member>
        <member name="P:MediaBrowser.MediaEncoding.Probing.MediaStreamInfo.IsAvc">
            <summary>
            Gets or sets the is_avc.
            </summary>
            <value>The is_avc.</value>
        </member>
        <member name="P:MediaBrowser.MediaEncoding.Probing.MediaStreamInfo.NalLengthSize">
            <summary>
            Gets or sets the nal_length_size.
            </summary>
            <value>The nal_length_size.</value>
        </member>
        <member name="P:MediaBrowser.MediaEncoding.Probing.MediaStreamInfo.LtrtCmixlev">
            <summary>
            Gets or sets the ltrt_cmixlev.
            </summary>
            <value>The ltrt_cmixlev.</value>
        </member>
        <member name="P:MediaBrowser.MediaEncoding.Probing.MediaStreamInfo.LtrtSurmixlev">
            <summary>
            Gets or sets the ltrt_surmixlev.
            </summary>
            <value>The ltrt_surmixlev.</value>
        </member>
        <member name="P:MediaBrowser.MediaEncoding.Probing.MediaStreamInfo.LoroCmixlev">
            <summary>
            Gets or sets the loro_cmixlev.
            </summary>
            <value>The loro_cmixlev.</value>
        </member>
        <member name="P:MediaBrowser.MediaEncoding.Probing.MediaStreamInfo.LoroSurmixlev">
            <summary>
            Gets or sets the loro_surmixlev.
            </summary>
            <value>The loro_surmixlev.</value>
        </member>
        <member name="P:MediaBrowser.MediaEncoding.Probing.MediaStreamInfo.FieldOrder">
            <summary>
            Gets or sets the field_order.
            </summary>
            <value>The field_order.</value>
        </member>
        <member name="P:MediaBrowser.MediaEncoding.Probing.MediaStreamInfo.Disposition">
            <summary>
            Gets or sets the disposition.
            </summary>
            <value>The disposition.</value>
        </member>
        <member name="P:MediaBrowser.MediaEncoding.Probing.MediaStreamInfo.ColorRange">
            <summary>
            Gets or sets the color range.
            </summary>
            <value>The color range.</value>
        </member>
        <member name="P:MediaBrowser.MediaEncoding.Probing.MediaStreamInfo.ColorSpace">
            <summary>
            Gets or sets the color space.
            </summary>
            <value>The color space.</value>
        </member>
        <member name="P:MediaBrowser.MediaEncoding.Probing.MediaStreamInfo.ColorTransfer">
            <summary>
            Gets or sets the color transfer.
            </summary>
            <value>The color transfer.</value>
        </member>
        <member name="P:MediaBrowser.MediaEncoding.Probing.MediaStreamInfo.ColorPrimaries">
            <summary>
            Gets or sets the color primaries.
            </summary>
            <value>The color primaries.</value>
        </member>
        <member name="P:MediaBrowser.MediaEncoding.Probing.MediaStreamInfo.SideDataList">
            <summary>
            Gets or sets the side_data_list.
            </summary>
            <value>The side_data_list.</value>
        </member>
        <member name="T:MediaBrowser.MediaEncoding.Probing.MediaStreamInfoSideData">
            <summary>
            Class MediaStreamInfoSideData.
            </summary>
        </member>
        <member name="P:MediaBrowser.MediaEncoding.Probing.MediaStreamInfoSideData.SideDataType">
            <summary>
            Gets or sets the SideDataType.
            </summary>
            <value>The SideDataType.</value>
        </member>
        <member name="P:MediaBrowser.MediaEncoding.Probing.MediaStreamInfoSideData.DvVersionMajor">
            <summary>
            Gets or sets the DvVersionMajor.
            </summary>
            <value>The DvVersionMajor.</value>
        </member>
        <member name="P:MediaBrowser.MediaEncoding.Probing.MediaStreamInfoSideData.DvVersionMinor">
            <summary>
            Gets or sets the DvVersionMinor.
            </summary>
            <value>The DvVersionMinor.</value>
        </member>
        <member name="P:MediaBrowser.MediaEncoding.Probing.MediaStreamInfoSideData.DvProfile">
            <summary>
            Gets or sets the DvProfile.
            </summary>
            <value>The DvProfile.</value>
        </member>
        <member name="P:MediaBrowser.MediaEncoding.Probing.MediaStreamInfoSideData.DvLevel">
            <summary>
            Gets or sets the DvLevel.
            </summary>
            <value>The DvLevel.</value>
        </member>
        <member name="P:MediaBrowser.MediaEncoding.Probing.MediaStreamInfoSideData.RpuPresentFlag">
            <summary>
            Gets or sets the RpuPresentFlag.
            </summary>
            <value>The RpuPresentFlag.</value>
        </member>
        <member name="P:MediaBrowser.MediaEncoding.Probing.MediaStreamInfoSideData.ElPresentFlag">
            <summary>
            Gets or sets the ElPresentFlag.
            </summary>
            <value>The ElPresentFlag.</value>
        </member>
        <member name="P:MediaBrowser.MediaEncoding.Probing.MediaStreamInfoSideData.BlPresentFlag">
            <summary>
            Gets or sets the BlPresentFlag.
            </summary>
            <value>The BlPresentFlag.</value>
        </member>
        <member name="P:MediaBrowser.MediaEncoding.Probing.MediaStreamInfoSideData.DvBlSignalCompatibilityId">
            <summary>
            Gets or sets the DvBlSignalCompatibilityId.
            </summary>
            <value>The DvBlSignalCompatibilityId.</value>
        </member>
        <member name="M:MediaBrowser.MediaEncoding.Probing.ProbeResultNormalizer.GetMediaAttachment(MediaBrowser.MediaEncoding.Probing.MediaStreamInfo)">
            <summary>
            Converts ffprobe stream info to our MediaAttachment class.
            </summary>
            <param name="streamInfo">The stream info.</param>
            <returns>MediaAttachments.</returns>
        </member>
        <member name="M:MediaBrowser.MediaEncoding.Probing.ProbeResultNormalizer.IsCodecTimeBaseDoubleTheFrameRate(System.Nullable{System.Single},System.String)">
            <summary>
            Determines whether a stream code time base is double the frame rate.
            </summary>
            <param name="averageFrameRate">average frame rate.</param>
            <param name="codecTimeBase">codec time base string.</param>
            <returns>true if the codec time base is double the frame rate.</returns>
        </member>
        <member name="M:MediaBrowser.MediaEncoding.Probing.ProbeResultNormalizer.GetMediaStream(System.Boolean,MediaBrowser.MediaEncoding.Probing.MediaStreamInfo,MediaBrowser.MediaEncoding.Probing.MediaFormatInfo)">
            <summary>
            Converts ffprobe stream info to our MediaStream class.
            </summary>
            <param name="isAudio">if set to <c>true</c> [is info].</param>
            <param name="streamInfo">The stream info.</param>
            <param name="formatInfo">The format info.</param>
            <returns>MediaStream.</returns>
        </member>
        <member name="M:MediaBrowser.MediaEncoding.Probing.ProbeResultNormalizer.GetDictionaryValue(System.Collections.Generic.IReadOnlyDictionary{System.String,System.String},System.String)">
            <summary>
            Gets a string from an FFProbeResult tags dictionary.
            </summary>
            <param name="tags">The tags.</param>
            <param name="key">The key.</param>
            <returns>System.String.</returns>
        </member>
        <member name="M:MediaBrowser.MediaEncoding.Probing.ProbeResultNormalizer.GetFrameRate(System.ReadOnlySpan{System.Char})">
            <summary>
            Gets a frame rate from a string value in ffprobe output
            This could be a number or in the format of 2997/125.
            </summary>
            <param name="value">The value.</param>
            <returns>System.Nullable{System.Single}.</returns>
        </member>
        <member name="M:MediaBrowser.MediaEncoding.Probing.ProbeResultNormalizer.Split(System.String,System.Boolean)">
            <summary>
            Splits the specified val.
            </summary>
            <param name="val">The val.</param>
            <param name="allowCommaDelimiter">if set to <c>true</c> [allow comma delimiter].</param>
            <returns>System.String[][].</returns>
        </member>
        <member name="M:MediaBrowser.MediaEncoding.Probing.ProbeResultNormalizer.FetchStudios(MediaBrowser.Model.MediaInfo.MediaInfo,System.Collections.Generic.IReadOnlyDictionary{System.String,System.String},System.String)">
            <summary>
            Gets the studios from the tags collection.
            </summary>
            <param name="info">The info.</param>
            <param name="tags">The tags.</param>
            <param name="tagName">Name of the tag.</param>
        </member>
        <member name="M:MediaBrowser.MediaEncoding.Probing.ProbeResultNormalizer.FetchGenres(MediaBrowser.Model.MediaInfo.MediaInfo,System.Collections.Generic.IReadOnlyDictionary{System.String,System.String})">
            <summary>
            Gets the genres from the tags collection.
            </summary>
            <param name="info">The information.</param>
            <param name="tags">The tags.</param>
        </member>
        <member name="M:MediaBrowser.MediaEncoding.Probing.ProbeResultNormalizer.GetDictionaryTrackOrDiscNumber(System.Collections.Generic.IReadOnlyDictionary{System.String,System.String},System.String)">
            <summary>
            Gets the track or disc number, which can be in the form of '1', or '1/3'.
            </summary>
            <param name="tags">The tags.</param>
            <param name="tagName">Name of the tag.</param>
            <returns>The track or disc number, or null, if missing or not parseable.</returns>
        </member>
        <member name="T:MediaBrowser.MediaEncoding.Subtitles.AssParser">
            <summary>
            Advanced SubStation Alpha subtitle parser.
            </summary>
        </member>
        <member name="M:MediaBrowser.MediaEncoding.Subtitles.AssParser.#ctor(Microsoft.Extensions.Logging.ILogger)">
            <summary>
            Initializes a new instance of the <see cref="T:MediaBrowser.MediaEncoding.Subtitles.AssParser"/> class.
            </summary>
            <param name="logger">The logger.</param>
        </member>
        <member name="T:MediaBrowser.MediaEncoding.Subtitles.AssWriter">
            <summary>
            ASS subtitle writer.
            </summary>
        </member>
        <member name="M:MediaBrowser.MediaEncoding.Subtitles.AssWriter.Write(MediaBrowser.Model.MediaInfo.SubtitleTrackInfo,System.IO.Stream,System.Threading.CancellationToken)">
            <inheritdoc />
        </member>
        <member name="M:MediaBrowser.MediaEncoding.Subtitles.ISubtitleParser.Parse(System.IO.Stream,System.Threading.CancellationToken)">
            <summary>
            Parses the specified stream.
            </summary>
            <param name="stream">The stream.</param>
            <param name="cancellationToken">The cancellation token.</param>
            <returns>SubtitleTrackInfo.</returns>
        </member>
        <member name="T:MediaBrowser.MediaEncoding.Subtitles.ISubtitleWriter">
            <summary>
            Interface ISubtitleWriter.
            </summary>
        </member>
        <member name="M:MediaBrowser.MediaEncoding.Subtitles.ISubtitleWriter.Write(MediaBrowser.Model.MediaInfo.SubtitleTrackInfo,System.IO.Stream,System.Threading.CancellationToken)">
            <summary>
            Writes the specified information.
            </summary>
            <param name="info">The information.</param>
            <param name="stream">The stream.</param>
            <param name="cancellationToken">The cancellation token.</param>
        </member>
        <member name="T:MediaBrowser.MediaEncoding.Subtitles.JsonWriter">
            <summary>
            JSON subtitle writer.
            </summary>
        </member>
        <member name="M:MediaBrowser.MediaEncoding.Subtitles.JsonWriter.Write(MediaBrowser.Model.MediaInfo.SubtitleTrackInfo,System.IO.Stream,System.Threading.CancellationToken)">
            <inheritdoc />
        </member>
        <member name="T:MediaBrowser.MediaEncoding.Subtitles.SrtParser">
            <summary>
            SubRip subtitle parser.
            </summary>
        </member>
        <member name="M:MediaBrowser.MediaEncoding.Subtitles.SrtParser.#ctor(Microsoft.Extensions.Logging.ILogger)">
            <summary>
            Initializes a new instance of the <see cref="T:MediaBrowser.MediaEncoding.Subtitles.SrtParser"/> class.
            </summary>
            <param name="logger">The logger.</param>
        </member>
        <member name="T:MediaBrowser.MediaEncoding.Subtitles.SrtWriter">
            <summary>
            SRT subtitle writer.
            </summary>
        </member>
        <member name="M:MediaBrowser.MediaEncoding.Subtitles.SrtWriter.Write(MediaBrowser.Model.MediaInfo.SubtitleTrackInfo,System.IO.Stream,System.Threading.CancellationToken)">
            <inheritdoc />
        </member>
        <member name="T:MediaBrowser.MediaEncoding.Subtitles.SsaParser">
            <summary>
            SubStation Alpha subtitle parser.
            </summary>
        </member>
        <member name="M:MediaBrowser.MediaEncoding.Subtitles.SsaParser.#ctor(Microsoft.Extensions.Logging.ILogger)">
            <summary>
            Initializes a new instance of the <see cref="T:MediaBrowser.MediaEncoding.Subtitles.SsaParser"/> class.
            </summary>
            <param name="logger">The logger.</param>
        </member>
        <member name="T:MediaBrowser.MediaEncoding.Subtitles.SsaWriter">
            <summary>
            SSA subtitle writer.
            </summary>
        </member>
        <member name="M:MediaBrowser.MediaEncoding.Subtitles.SsaWriter.Write(MediaBrowser.Model.MediaInfo.SubtitleTrackInfo,System.IO.Stream,System.Threading.CancellationToken)">
            <inheritdoc />
        </member>
        <member name="T:MediaBrowser.MediaEncoding.Subtitles.SubtitleEditParser`1">
            <summary>
            SubStation Alpha subtitle parser.
            </summary>
            <typeparam name="T">The <see cref="T:Nikse.SubtitleEdit.Core.SubtitleFormats.SubtitleFormat" />.</typeparam>
        </member>
        <member name="M:MediaBrowser.MediaEncoding.Subtitles.SubtitleEditParser`1.#ctor(Microsoft.Extensions.Logging.ILogger)">
            <summary>
            Initializes a new instance of the <see cref="T:MediaBrowser.MediaEncoding.Subtitles.SubtitleEditParser`1"/> class.
            </summary>
            <param name="logger">The logger.</param>
        </member>
        <member name="M:MediaBrowser.MediaEncoding.Subtitles.SubtitleEditParser`1.Parse(System.IO.Stream,System.Threading.CancellationToken)">
            <inheritdoc />
        </member>
        <member name="F:MediaBrowser.MediaEncoding.Subtitles.SubtitleEncoder._semaphoreLocks">
            <summary>
            The _semaphoreLocks.
            </summary>
        </member>
        <member name="M:MediaBrowser.MediaEncoding.Subtitles.SubtitleEncoder.GetLock(System.String)">
            <summary>
            Gets the lock.
            </summary>
            <param name="filename">The filename.</param>
            <returns>System.Object.</returns>
        </member>
        <member name="M:MediaBrowser.MediaEncoding.Subtitles.SubtitleEncoder.ConvertTextSubtitleToSrt(System.String,System.String,MediaBrowser.Model.Dto.MediaSourceInfo,System.String,System.Threading.CancellationToken)">
            <summary>
            Converts the text subtitle to SRT.
            </summary>
            <param name="inputPath">The input path.</param>
            <param name="language">The language.</param>
            <param name="mediaSource">The input mediaSource.</param>
            <param name="outputPath">The output path.</param>
            <param name="cancellationToken">The cancellation token.</param>
            <returns>Task.</returns>
        </member>
        <member name="M:MediaBrowser.MediaEncoding.Subtitles.SubtitleEncoder.ConvertTextSubtitleToSrtInternal(System.String,System.String,MediaBrowser.Model.Dto.MediaSourceInfo,System.String,System.Threading.CancellationToken)">
            <summary>
            Converts the text subtitle to SRT internal.
            </summary>
            <param name="inputPath">The input path.</param>
            <param name="language">The language.</param>
            <param name="mediaSource">The input mediaSource.</param>
            <param name="outputPath">The output path.</param>
            <param name="cancellationToken">The cancellation token.</param>
            <returns>Task.</returns>
            <exception cref="T:System.ArgumentNullException">
            The <c>inputPath</c> or <c>outputPath</c> is <c>null</c>.
            </exception>
        </member>
        <member name="M:MediaBrowser.MediaEncoding.Subtitles.SubtitleEncoder.ExtractTextSubtitle(MediaBrowser.Model.Dto.MediaSourceInfo,MediaBrowser.Model.Entities.MediaStream,System.String,System.String,System.Threading.CancellationToken)">
            <summary>
            Extracts the text subtitle.
            </summary>
            <param name="mediaSource">The mediaSource.</param>
            <param name="subtitleStream">The subtitle stream.</param>
            <param name="outputCodec">The output codec.</param>
            <param name="outputPath">The output path.</param>
            <param name="cancellationToken">The cancellation token.</param>
            <returns>Task.</returns>
            <exception cref="T:System.ArgumentException">Must use inputPath list overload.</exception>
        </member>
        <member name="M:MediaBrowser.MediaEncoding.Subtitles.SubtitleEncoder.SetAssFont(System.String,System.Threading.CancellationToken)">
            <summary>
            Sets the ass font.
            </summary>
            <param name="file">The file.</param>
            <param name="cancellationToken">The token to monitor for cancellation requests. The default value is <c>System.Threading.CancellationToken.None</c>.</param>
            <returns>Task.</returns>
        </member>
        <member name="M:MediaBrowser.MediaEncoding.Subtitles.SubtitleEncoder.GetSubtitleFileCharacterSet(System.String,System.String,MediaBrowser.Model.MediaInfo.MediaProtocol,System.Threading.CancellationToken)">
            <inheritdoc />
        </member>
        <member name="T:MediaBrowser.MediaEncoding.Subtitles.TtmlWriter">
            <summary>
            TTML subtitle writer.
            </summary>
        </member>
        <member name="M:MediaBrowser.MediaEncoding.Subtitles.TtmlWriter.Write(MediaBrowser.Model.MediaInfo.SubtitleTrackInfo,System.IO.Stream,System.Threading.CancellationToken)">
            <inheritdoc />
        </member>
        <member name="T:MediaBrowser.MediaEncoding.Subtitles.VttWriter">
            <summary>
            Subtitle writer for the WebVTT format.
            </summary>
        </member>
        <member name="M:MediaBrowser.MediaEncoding.Subtitles.VttWriter.Write(MediaBrowser.Model.MediaInfo.SubtitleTrackInfo,System.IO.Stream,System.Threading.CancellationToken)">
            <inheritdoc />
        </member>
    </members>
</doc>
